asset_id,category,condition,status,useful_life_years,purchase_date,purchase_cost,expiry_date,work_orders_count,downtime_minutes,labor_hours,priority,risk_level,asset_age_years,useful_life_consumed_ratio,days_to_warranty_expiry,is_warranty_expired,avg_downtime_per_wo,avg_labor_per_wo,annual_maintenance_frequency
AST-1001,Laptop,Good,Active,10,2017-02-11,4650.48,2026-07-02,20,3573,21.65,Critical,High,9.55,0.96,-61,1,178.65,1.08,2.09
AST-1002,Server,Good,Active,5,2025-05-09,1702.17,2027-03-13,2,182,4.93,Medium,Low,1.31,0.26,193,0,91.0,2.46,1.53
AST-1003,Network_Switch,Fair,Active,3,2024-08-01,4606.14,2026-06-12,4,202,14.95,Medium,Low,2.08,0.69,-81,1,50.5,3.74,1.92
AST-1004,Workstation,Good,Active,5,2026-04-15,6856.17,2027-02-21,1,68,4.88,High,Low,0.38,0.08,173,0,68.0,4.88,2.63
AST-1005,Projector,Good,Active,7,2021-03-01,6945.31,2026-06-19,9,2135,36.8,Low,High,5.5,0.79,-74,1,237.22,4.09,1.64
AST-1006,Workstation,Good,Active,7,2020-03-11,5575.95,2026-10-19,11,476,24.68,Low,Medium,6.48,0.93,48,0,43.27,2.24,1.7
AST-1007,Network_Switch,Poor,Active,5,2020-11-20,3752.73,2026-06-19,7,1145,15.8,Medium,High,5.78,1.16,-74,1,163.57,2.26,1.21
AST-1008,Projector,Good,Active,5,2023-11-27,5764.41,2027-02-08,8,1596,36.67,Low,Medium,2.76,0.55,160,0,199.5,4.58,2.9
AST-1009,Workstation,Good,Active,5,2023-10-20,6207.9,2027-11-13,3,684,6.88,Medium,Low,2.87,0.57,438,0,228.0,2.29,1.05
AST-1010,Network_Switch,Poor,Active,5,2020-05-08,7233.38,2026-05-01,8,1264,24.09,Low,High,6.32,1.26,-123,1,158.0,3.01,1.27
AST-1011,Laptop,Poor,Active,10,2023-06-07,1428.75,2027-06-03,8,1643,18.26,Low,High,3.24,0.32,275,0,205.38,2.28,2.47
AST-1012,Workstation,Fair,Active,5,2022-03-20,517.77,2026-09-03,6,1345,27.06,Low,High,4.45,0.89,2,0,224.17,4.51,1.35
AST-1013,Lab_Equipment,Good,Under_Maintenance,7,2021-07-19,4160.52,2026-07-17,10,2186,34.26,Low,Medium,5.12,0.73,-46,1,218.6,3.43,1.95
AST-1014,Workstation,Good,Active,5,2026-06-22,1541.74,2027-06-29,0,0,0.0,Low,Low,0.19,0.04,301,0,0.0,0.0,0.0
AST-1015,Network_Switch,Fair,Active,5,2021-02-16,5069.05,2026-01-04,12,421,42.98,Low,High,5.54,1.11,-240,1,35.08,3.58,2.17
AST-1016,Projector,Critical,Active,10,2014-10-08,3028.13,2026-07-28,23,2550,101.3,Low,High,11.9,1.19,-35,1,110.87,4.4,1.93
AST-1017,Workstation,Fair,Active,5,2020-07-30,5341.81,2026-01-04,10,1855,37.88,Medium,High,6.09,1.22,-240,1,185.5,3.79,1.64
AST-1018,Laptop,Critical,Active,5,2021-05-19,6151.81,2025-09-16,10,1277,31.71,Low,High,5.29,1.06,-350,1,127.7,3.17,1.89
AST-1019,Lab_Equipment,Good,Active,3,2026-05-14,6240.46,2027-04-07,1,160,1.34,Low,Low,0.3,0.1,218,0,160.0,1.34,3.33
AST-1020,Lab_Equipment,Fair,Active,5,2022-06-20,5555.25,2026-11-25,4,928,17.38,Medium,Medium,4.2,0.84,85,0,232.0,4.34,0.95
AST-1021,Laptop,Fair,Active,3,2025-12-02,2176.72,2027-06-29,3,475,8.04,Low,Low,0.75,0.25,301,0,158.33,2.68,4.0
AST-1022,Laptop,Good,Under_Maintenance,7,2026-05-18,1224.12,2026-11-20,1,50,2.97,Medium,Low,0.29,0.04,80,0,50.0,2.97,3.45
AST-1023,Workstation,Good,Active,5,2023-12-25,4772.54,2027-08-06,5,824,5.53,Medium,Medium,2.69,0.54,339,0,164.8,1.11,1.86
AST-1024,Projector,Good,Under_Maintenance,5,2024-01-18,4967.35,2027-05-20,4,204,4.29,Low,Low,2.62,0.52,261,0,51.0,1.07,1.53
AST-1025,Lab_Equipment,Fair,Active,3,2025-04-25,6398.61,2026-11-10,3,553,12.64,Low,Medium,1.35,0.45,70,0,184.33,4.21,2.22
AST-1026,Workstation,Poor,Active,7,2019-04-20,7432.59,2026-03-03,16,3002,64.29,Low,High,7.37,1.05,-182,1,187.62,4.02,2.17
AST-1027,Projector,Poor,Active,5,2021-04-09,2672.35,2025-09-05,13,638,38.71,Low,High,5.4,1.08,-361,1,49.08,2.98,2.41
AST-1028,Lab_Equipment,Fair,Active,5,2020-11-19,2891.5,2026-06-20,7,334,34.63,Medium,High,5.78,1.16,-73,1,47.71,4.95,1.21
AST-1029,Laptop,Poor,Active,7,2018-01-17,7400.61,2025-10-28,16,1905,74.01,Low,High,8.62,1.23,-308,1,119.06,4.63,1.86
AST-1030,Laptop,Good,Active,3,2024-10-02,799.75,2026-06-25,4,849,7.58,Critical,Medium,1.91,0.64,-68,1,212.25,1.9,2.09
AST-1031,Workstation,Poor,Active,10,2025-12-13,6727.12,2027-06-20,4,501,14.04,Medium,Medium,0.72,0.07,292,0,125.25,3.51,5.56
AST-1032,Projector,Good,Active,3,2025-06-15,7147.92,2027-11-26,1,127,2.41,Medium,Low,1.21,0.4,451,0,127.0,2.41,0.83
AST-1033,Workstation,Poor,Under_Maintenance,10,2013-11-08,5356.95,2026-01-16,22,4868,94.38,High,High,12.81,1.28,-228,1,221.27,4.29,1.72
AST-1034,Network_Switch,Good,Active,5,2023-11-09,7022.37,2027-11-16,9,1054,18.84,Low,Medium,2.81,0.56,441,0,117.11,2.09,3.2
AST-1035,Server,Critical,Under_Maintenance,7,2017-07-30,7476.12,2026-01-09,18,2243,27.3,Critical,High,9.09,1.3,-235,1,124.61,1.52,1.98
AST-1036,Lab_Equipment,Good,Active,5,2022-04-02,4788.71,2026-08-07,9,1697,31.33,Medium,High,4.42,0.88,-25,1,188.56,3.48,2.04
AST-1037,Workstation,Good,Active,3,2026-06-14,2889.17,2027-07-17,1,137,4.13,Medium,Low,0.22,0.07,319,0,137.0,4.13,4.55
AST-1038,Lab_Equipment,Poor,Active,7,2018-01-10,1444.22,2025-08-25,13,2119,25.49,Low,High,8.64,1.23,-372,1,163.0,1.96,1.5
AST-1039,Workstation,Good,Active,3,2025-12-08,1385.67,2027-08-08,3,211,3.49,Low,Low,0.73,0.24,341,0,70.33,1.16,4.11
AST-1040,Laptop,Good,Active,3,2026-03-05,1256.51,2027-05-21,1,38,4.2,Medium,Low,0.49,0.16,262,0,38.0,4.2,2.04
AST-1041,Workstation,Critical,Active,7,2018-04-13,833.65,2026-04-22,9,970,26.44,Medium,High,8.39,1.2,-132,1,107.78,2.94,1.07
AST-1042,Laptop,Poor,Under_Maintenance,5,2021-10-09,660.45,2026-07-19,7,239,16.02,Low,High,4.9,0.98,-44,1,34.14,2.29,1.43
AST-1043,Laptop,Critical,Active,3,2023-03-07,4614.51,2025-11-24,5,447,12.26,Medium,High,3.49,1.16,-281,1,89.4,2.45,1.43
AST-1044,Lab_Equipment,Fair,Active,5,2020-04-04,4701.0,2026-05-07,7,484,14.98,Low,High,6.41,1.28,-117,1,69.14,2.14,1.09
AST-1045,Server,Good,Active,3,2024-07-18,3313.82,2026-11-26,7,1050,14.84,High,Medium,2.12,0.71,86,0,150.0,2.12,3.3
AST-1046,Workstation,Good,Active,5,2023-10-24,4004.03,2027-02-14,4,163,9.39,Low,Low,2.86,0.57,166,0,40.75,2.35,1.4
AST-1047,Workstation,Good,Active,10,2022-05-15,6150.11,2027-02-20,10,439,39.64,Medium,Low,4.3,0.43,172,0,43.9,3.96,2.33
AST-1048,Server,Fair,Under_Maintenance,3,2023-07-15,1831.55,2026-06-03,7,890,15.44,Medium,High,3.13,1.04,-90,1,127.14,2.21,2.24
AST-1049,Lab_Equipment,Critical,Active,5,2020-10-22,3125.63,2026-01-13,10,954,19.94,Medium,High,5.86,1.17,-231,1,95.4,1.99,1.71
AST-1050,Workstation,Poor,Active,5,2021-09-04,6625.04,2026-08-04,9,1295,18.06,Low,High,4.99,1.0,-28,1,143.89,2.01,1.8
AST-1051,Workstation,Poor,Active,10,2019-01-08,3246.05,2026-08-26,13,2059,13.94,High,High,7.65,0.76,-6,1,158.38,1.07,1.7
AST-1052,Projector,Good,Active,5,2022-02-03,6949.75,2026-10-08,9,2010,40.32,Medium,High,4.57,0.91,37,0,223.33,4.48,1.97
AST-1053,Lab_Equipment,Good,Active,5,2026-02-27,2779.9,2027-10-19,1,223,2.39,Low,Low,0.51,0.1,413,0,223.0,2.39,1.96
AST-1054,Network_Switch,Good,Active,5,2025-01-30,3612.32,2026-12-31,5,846,8.56,Critical,Medium,1.59,0.32,121,0,169.2,1.71,3.14
AST-1055,Workstation,Good,Active,5,2025-12-18,7477.81,2027-06-08,3,210,3.44,Medium,Low,0.7,0.14,280,0,70.0,1.15,4.29
AST-1056,Lab_Equipment,Poor,Active,3,2023-08-11,3618.35,2026-01-20,5,434,17.88,Medium,High,3.06,1.02,-224,1,86.8,3.58,1.63
AST-1057,Workstation,Fair,Active,3,2023-10-31,5078.36,2026-06-08,2,395,3.43,Medium,Medium,2.84,0.95,-85,1,197.5,1.72,0.7
AST-1058,Workstation,Fair,Active,3,2025-08-06,5528.1,2027-11-11,2,436,2.1,Low,Low,1.07,0.36,436,0,218.0,1.05,1.87
AST-1059,Workstation,Fair,Under_Maintenance,3,2025-10-29,4539.6,2027-05-04,1,109,3.36,Low,Low,0.84,0.28,245,0,109.0,3.36,1.19
AST-1060,Lab_Equipment,Poor,Active,5,2023-01-04,3496.5,2026-07-27,6,518,19.0,Medium,High,3.66,0.73,-36,1,86.33,3.17,1.64
AST-1061,Laptop,Fair,Active,3,2023-05-22,7389.26,2026-01-20,2,302,4.19,Medium,Medium,3.28,1.09,-224,1,151.0,2.1,0.61
AST-1062,Lab_Equipment,Fair,Under_Maintenance,7,2024-08-29,478.07,2026-12-30,5,552,15.38,Low,Medium,2.01,0.29,120,0,110.4,3.08,2.49
AST-1063,Workstation,Good,Active,7,2025-10-06,4682.38,2027-02-15,2,297,5.81,Medium,Low,0.9,0.13,167,0,148.5,2.9,2.22
AST-1064,Projector,Good,Active,7,2024-08-01,621.4,2027-02-23,4,183,15.65,Medium,Low,2.08,0.3,175,0,45.75,3.91,1.92
AST-1065,Lab_Equipment,Good,Active,5,2024-12-11,6215.63,2027-10-17,2,445,3.09,Critical,Low,1.72,0.34,411,0,222.5,1.54,1.16
AST-1066,Laptop,Poor,Active,3,2024-06-25,6597.92,2026-10-12,4,949,19.1,Low,Medium,2.18,0.73,41,0,237.25,4.78,1.83
AST-1067,Network_Switch,Good,Active,10,2024-03-10,4432.41,2027-12-07,9,1396,17.28,Low,Medium,2.48,0.25,462,0,155.11,1.92,3.63
AST-1068,Workstation,Good,Active,5,2024-05-09,5545.84,2026-11-28,6,1276,6.51,High,Medium,2.31,0.46,88,0,212.67,1.08,2.6
AST-1069,Lab_Equipment,Critical,Active,10,2016-04-04,7485.33,2026-03-26,16,3415,78.98,High,High,10.41,1.04,-159,1,213.44,4.94,1.54
AST-1070,Laptop,Fair,Active,5,2021-11-01,2095.32,2026-06-23,3,712,8.13,Medium,High,4.83,0.97,-70,1,237.33,2.71,0.62
AST-1071,Lab_Equipment,Poor,Under_Maintenance,5,2020-06-28,5983.05,2026-06-30,17,2699,28.36,Critical,High,6.18,1.24,-63,1,158.76,1.67,2.75
AST-1072,Workstation,Fair,Active,10,2018-03-04,4714.93,2026-09-03,10,1937,24.01,Low,High,8.5,0.85,2,0,193.7,2.4,1.18
AST-1073,Projector,Poor,Active,7,2018-03-22,7463.85,2026-05-30,15,3019,28.47,Low,High,8.45,1.21,-94,1,201.27,1.9,1.78
AST-1074,Lab_Equipment,Fair,Active,5,2022-10-31,1049.56,2026-11-07,9,1637,26.85,Low,High,3.84,0.77,67,0,181.89,2.98,2.34
AST-1075,Workstation,Good,Active,5,2026-01-08,6443.57,2027-06-05,1,172,3.26,Low,Low,0.65,0.13,277,0,172.0,3.26,1.54
AST-1076,Server,Poor,Under_Maintenance,7,2020-08-16,6439.13,2026-11-06,12,1918,48.13,Low,High,6.04,0.86,66,0,159.83,4.01,1.99
AST-1077,Server,Good,Active,7,2026-03-30,6263.3,2026-12-26,0,0,0.0,Medium,Low,0.42,0.06,116,0,0.0,0.0,0.0
AST-1078,Workstation,Fair,Active,5,2022-08-07,7366.42,2026-09-24,9,2041,33.76,Low,High,4.07,0.81,23,0,226.78,3.75,2.21
AST-1079,Laptop,Good,Active,7,2025-11-26,4533.41,2027-04-01,4,756,4.39,Low,Low,0.76,0.11,212,0,189.0,1.1,5.26
AST-1080,Laptop,Fair,Idle,5,2021-08-17,5251.4,2026-02-19,6,1037,21.71,Low,High,5.04,1.01,-194,1,172.83,3.62,1.19
AST-1081,Projector,Good,Active,3,2024-11-21,7099.67,2027-05-03,4,299,4.5,Medium,Low,1.78,0.59,244,0,74.75,1.12,2.25
AST-1082,Laptop,Poor,Active,7,2022-04-12,7274.17,2026-07-07,7,1380,20.48,Low,High,4.39,0.63,-56,1,197.14,2.93,1.59
AST-1083,Workstation,Good,Active,5,2023-10-12,1823.73,2027-06-04,4,180,10.28,Medium,Low,2.89,0.58,276,0,45.0,2.57,1.38
AST-1084,Lab_Equipment,Good,Active,5,2022-02-07,6506.87,2026-10-21,6,885,6.23,Low,High,4.56,0.91,50,0,147.5,1.04,1.32
AST-1085,Lab_Equipment,Good,Active,3,2025-03-12,635.74,2026-12-04,4,207,14.18,Medium,Low,1.47,0.49,94,0,51.75,3.54,2.72
AST-1086,Workstation,Fair,Active,10,2025-11-02,4243.2,2027-09-07,3,653,9.57,High,Medium,0.83,0.08,371,0,217.67,3.19,3.61
AST-1087,Laptop,Good,Active,5,2023-03-04,5594.29,2026-06-18,5,979,18.17,Medium,Medium,3.5,0.7,-75,1,195.8,3.63,1.43
AST-1088,Lab_Equipment,Good,Active,7,2024-06-18,7473.97,2028-01-02,2,168,5.7,High,Low,2.2,0.31,488,0,84.0,2.85,0.91
AST-1089,Network_Switch,Poor,Active,7,2022-09-15,2856.14,2027-04-12,11,1769,38.79,Medium,High,3.96,0.57,223,0,160.82,3.53,2.78
AST-1090,Workstation,Critical,Active,7,2018-05-22,1675.75,2026-05-07,17,1392,76.21,Medium,High,8.28,1.18,-117,1,81.88,4.48,2.05
AST-1091,Lab_Equipment,Critical,Active,5,2022-10-01,1561.02,2026-08-13,6,272,10.07,Medium,High,3.92,0.78,-19,1,45.33,1.68,1.53
AST-1092,Laptop,Fair,Active,7,2022-08-28,2165.87,2027-07-29,7,1486,12.76,Low,Medium,4.01,0.57,331,0,212.29,1.82,1.75
AST-1093,Laptop,Good,Active,3,2024-07-09,7049.9,2026-06-11,3,183,14.84,Critical,Low,2.15,0.72,-82,1,61.0,4.95,1.4
AST-1094,Workstation,Fair,Active,10,2018-04-22,6562.22,2026-08-24,15,544,33.48,Medium,High,8.36,0.84,-8,1,36.27,2.23,1.79
AST-1095,Workstation,Poor,Under_Maintenance,5,2020-05-13,1066.7,2025-11-27,12,1916,53.71,Medium,High,6.3,1.26,-278,1,159.67,4.48,1.9
AST-1096,Workstation,Fair,Active,10,2017-08-29,5203.25,2026-07-12,16,2690,79.96,Low,High,9.01,0.9,-51,1,168.12,5.0,1.78
AST-1097,Projector,Poor,Under_Maintenance,5,2020-12-28,5954.94,2026-01-05,10,981,24.66,Medium,High,5.68,1.14,-239,1,98.1,2.47,1.76
AST-1098,Lab_Equipment,Fair,Active,5,2023-08-31,2086.56,2026-08-10,8,813,20.17,Medium,High,3.0,0.6,-22,1,101.62,2.52,2.67
AST-1099,Lab_Equipment,Poor,Idle,5,2022-08-28,5830.67,2026-10-27,2,331,9.18,Low,Medium,4.01,0.8,56,0,165.5,4.59,0.5
AST-1100,Projector,Poor,Active,3,2023-01-06,2896.52,2026-06-26,7,817,10.41,Low,High,3.65,1.22,-67,1,116.71,1.49,1.92
AST-1101,Lab_Equipment,Fair,Active,3,2024-07-17,5434.23,2026-06-23,4,651,19.22,Medium,Medium,2.12,0.71,-70,1,162.75,4.8,1.89
AST-1102,Server,Good,Under_Maintenance,7,2024-06-20,1905.52,2027-07-26,4,810,10.78,Medium,Low,2.2,0.31,328,0,202.5,2.7,1.82
AST-1103,Workstation,Poor,Under_Maintenance,5,2023-08-24,4564.92,2026-07-04,2,329,6.86,Medium,Medium,3.02,0.6,-59,1,164.5,3.43,0.66
AST-1104,Workstation,Good,Active,5,2022-09-28,3927.04,2026-11-27,6,1092,19.88,Low,High,3.93,0.79,87,0,182.0,3.31,1.53
AST-1105,Workstation,Fair,Active,3,2023-03-02,1762.26,2026-04-05,2,396,3.87,Medium,Medium,3.5,1.17,-149,1,198.0,1.94,0.57
AST-1106,Server,Fair,Idle,5,2023-02-17,2702.77,2026-08-02,7,1224,12.63,Medium,High,3.54,0.71,-30,1,174.86,1.8,1.98
AST-1107,Workstation,Poor,Under_Maintenance,5,2021-09-19,2867.76,2026-09-30,9,1697,13.6,High,High,4.95,0.99,29,0,188.56,1.51,1.82
AST-1108,Network_Switch,Good,Active,7,2026-03-08,2552.21,2027-02-23,2,226,5.58,Medium,Low,0.48,0.07,175,0,113.0,2.79,4.17
AST-1109,Lab_Equipment,Fair,Under_Maintenance,10,2020-02-17,7444.32,2026-11-03,9,1910,38.01,High,Medium,6.54,0.65,63,0,212.22,4.22,1.38
AST-1110,Laptop,Good,Idle,3,2024-12-31,1632.02,2027-09-01,5,786,20.3,Low,Medium,1.67,0.56,365,0,157.2,4.06,2.99
AST-1111,Lab_Equipment,Good,Active,5,2025-07-30,3009.49,2026-11-29,4,545,11.03,Low,Low,1.09,0.22,89,0,136.25,2.76,3.67
AST-1112,Lab_Equipment,Good,Active,5,2022-08-01,5016.43,2026-07-01,6,359,8.91,Low,Medium,4.08,0.82,-62,1,59.83,1.48,1.47
AST-1113,Workstation,Fair,Active,5,2026-02-09,4016.9,2028-01-12,0,0,0.0,Medium,Low,0.56,0.11,498,0,0.0,0.0,0.0
AST-1114,Workstation,Good,Under_Maintenance,7,2022-06-28,1781.82,2027-04-10,5,422,20.21,Low,Low,4.18,0.6,221,0,84.4,4.04,1.2
AST-1115,Lab_Equipment,Fair,Idle,5,2026-06-05,2112.53,2028-01-03,1,145,2.82,High,Low,0.24,0.05,489,0,145.0,2.82,4.17
AST-1116,Workstation,Good,Active,5,2025-07-22,2705.2,2027-09-20,3,691,12.44,Low,Low,1.11,0.22,384,0,230.33,4.15,2.7
AST-1117,Lab_Equipment,Fair,Active,5,2024-11-22,6370.19,2026-11-16,5,694,8.0,Medium,Medium,1.77,0.35,76,0,138.8,1.6,2.82
AST-1118,Lab_Equipment,Good,Active,5,2026-03-29,1002.02,2027-09-11,0,0,0.0,Medium,Low,0.43,0.09,375,0,0.0,0.0,0.0
AST-1119,Laptop,Fair,Active,5,2021-08-07,5095.73,2026-05-26,4,933,8.73,High,High,5.07,1.01,-98,1,233.25,2.18,0.79
AST-1120,Lab_Equipment,Fair,Active,5,2025-03-15,1261.84,2027-07-28,1,233,4.19,Low,Low,1.46,0.29,330,0,233.0,4.19,0.68
AST-1121,Projector,Fair,Active,5,2022-10-26,5711.32,2026-10-27,8,444,14.32,High,Medium,3.85,0.77,56,0,55.5,1.79,2.08
AST-1122,Lab_Equipment,Critical,Active,5,2021-05-04,6515.73,2025-09-23,11,634,42.94,High,High,5.33,1.07,-343,1,57.64,3.9,2.06
AST-1123,Workstation,Poor,Active,5,2021-03-07,5602.89,2026-01-14,8,654,31.25,Critical,High,5.49,1.1,-230,1,81.75,3.91,1.46
AST-1124,Workstation,Poor,Active,5,2021-06-09,1848.65,2026-01-09,4,759,4.56,Medium,High,5.23,1.05,-235,1,189.75,1.14,0.76
AST-1125,Workstation,Good,Under_Maintenance,10,2021-10-14,2721.21,2027-01-04,9,1441,21.8,High,Medium,4.88,0.49,125,0,160.11,2.42,1.84
AST-1126,Workstation,Fair,Active,5,2023-06-17,4960.51,2026-06-15,7,296,16.36,High,Medium,3.21,0.64,-78,1,42.29,2.34,2.18
AST-1127,Network_Switch,Fair,Active,7,2021-11-19,3525.41,2026-06-30,10,1160,43.59,Medium,High,4.78,0.68,-63,1,116.0,4.36,2.09
AST-1128,Lab_Equipment,Good,Active,5,2025-05-03,2971.87,2027-03-27,2,185,9.53,Low,Low,1.33,0.27,207,0,92.5,4.76,1.5
AST-1129,Laptop,Poor,Active,7,2018-12-27,1721.32,2025-10-10,7,1280,20.9,Medium,High,7.68,1.1,-326,1,182.86,2.99,0.91
AST-1130,Network_Switch,Fair,Active,7,2025-01-31,4732.6,2026-12-29,2,178,4.09,Low,Low,1.58,0.23,119,0,89.0,2.04,1.27
AST-1131,Projector,Fair,Active,5,2024-10-13,5791.73,2027-05-16,1,43,4.63,Low,Low,1.88,0.38,257,0,43.0,4.63,0.53
AST-1132,Lab_Equipment,Good,Idle,5,2024-04-21,6788.82,2026-11-09,3,253,11.77,Critical,Low,2.36,0.47,69,0,84.33,3.92,1.27
AST-1133,Laptop,Poor,Active,5,2025-04-01,4413.84,2027-05-23,1,61,1.9,Low,Medium,1.42,0.28,264,0,61.0,1.9,0.7
AST-1134,Server,Poor,Active,5,2023-03-11,1214.86,2026-11-04,5,1142,22.0,Medium,High,3.48,0.7,64,0,228.4,4.4,1.44
AST-1135,Laptop,Fair,Under_Maintenance,5,2022-05-20,4272.57,2026-06-15,5,496,20.14,Medium,High,4.28,0.86,-78,1,99.2,4.03,1.17
AST-1136,Workstation,Poor,Idle,7,2018-08-26,6581.11,2026-05-06,16,699,45.69,High,High,8.02,1.15,-118,1,43.69,2.86,2.0
AST-1137,Lab_Equipment,Good,Active,5,2025-11-02,5063.14,2027-10-27,2,180,8.34,Medium,Low,0.83,0.17,421,0,90.0,4.17,2.41
AST-1138,Lab_Equipment,Good,Active,7,2022-12-20,6897.14,2027-06-22,7,480,32.03,Medium,Low,3.7,0.53,294,0,68.57,4.58,1.89
AST-1139,Workstation,Poor,Active,5,2022-08-11,992.6,2026-11-08,9,1327,27.99,Medium,High,4.06,0.81,68,0,147.44,3.11,2.22
AST-1140,Server,Poor,Active,3,2023-10-10,1730.62,2026-11-04,7,702,11.87,Medium,High,2.89,0.96,64,0,100.29,1.7,2.42
AST-1141,Server,Good,Active,3,2025-08-10,1408.0,2027-04-02,3,386,14.75,Medium,Low,1.06,0.35,213,0,128.67,4.92,2.83
AST-1142,Workstation,Good,Under_Maintenance,5,2024-06-12,5272.92,2026-11-30,5,470,9.25,Low,Low,2.22,0.44,90,0,94.0,1.85,2.25
AST-1143,Laptop,Critical,Active,5,2020-07-25,6585.55,2025-10-23,12,639,33.46,Medium,High,6.1,1.22,-313,1,53.25,2.79,1.97
AST-1144,Server,Good,Active,5,2024-02-05,7335.28,2026-12-18,8,1857,31.25,Low,Medium,2.57,0.51,108,0,232.12,3.91,3.11
AST-1145,Server,Poor,Active,5,2020-12-23,1199.32,2025-11-15,5,464,19.86,Low,High,5.69,1.14,-290,1,92.8,3.97,0.88
AST-1146,Projector,Good,Active,7,2020-07-16,4611.87,2026-11-10,7,260,23.32,Critical,Medium,6.13,0.88,70,0,37.14,3.33,1.14
AST-1147,Server,Good,Active,5,2026-02-06,6302.75,2027-07-21,4,554,10.89,Low,Low,0.57,0.11,323,0,138.5,2.72,7.02
AST-1148,Laptop,Fair,Active,7,2021-02-16,6736.92,2026-08-22,12,538,24.21,Medium,High,5.54,0.79,-10,1,44.83,2.02,2.17
AST-1149,Laptop,Good,Active,3,2025-12-25,2365.38,2028-01-01,1,88,1.83,Medium,Low,0.68,0.23,487,0,88.0,1.83,1.47
AST-1150,Workstation,Good,Under_Maintenance,3,2025-09-08,660.72,2026-12-17,2,451,5.18,Low,Low,0.98,0.33,107,0,225.5,2.59,2.04
AST-1151,Lab_Equipment,Good,Active,3,2025-03-20,4002.62,2027-11-19,2,225,5.37,Medium,Low,1.45,0.48,444,0,112.5,2.68,1.38
AST-1152,Projector,Critical,Under_Maintenance,7,2021-01-28,2596.55,2026-10-29,2,168,2.48,Medium,Medium,5.59,0.8,58,0,84.0,1.24,0.36
AST-1153,Lab_Equipment,Good,Active,3,2025-01-26,3639.28,2027-04-11,2,209,9.53,Medium,Low,1.6,0.53,222,0,104.5,4.76,1.25
AST-1154,Lab_Equipment,Poor,Active,5,2022-09-30,471.93,2026-09-25,5,299,5.23,Medium,High,3.92,0.78,24,0,59.8,1.05,1.28
AST-1155,Laptop,Fair,Active,5,2022-11-07,710.55,2026-06-26,9,1778,38.61,High,High,3.82,0.76,-67,1,197.56,4.29,2.36
AST-1156,Projector,Good,Active,5,2024-06-26,4533.61,2027-04-12,4,867,9.53,Low,Low,2.18,0.44,223,0,216.75,2.38,1.83
AST-1157,Workstation,Fair,Active,5,2022-06-22,2818.29,2026-06-16,8,286,24.17,Critical,High,4.19,0.84,-77,1,35.75,3.02,1.91
AST-1158,Laptop,Good,Active,3,2026-05-22,3154.71,2027-01-09,1,219,1.46,Critical,Low,0.28,0.09,130,0,219.0,1.46,3.57
AST-1159,Laptop,Fair,Idle,7,2021-02-13,6269.62,2026-11-27,10,844,17.78,Low,High,5.55,0.79,87,0,84.4,1.78,1.8
AST-1160,Laptop,Poor,Active,5,2020-05-21,4359.73,2026-03-27,9,1194,23.46,Critical,High,6.28,1.26,-158,1,132.67,2.61,1.43
AST-1161,Server,Fair,Active,5,2022-11-25,4806.69,2026-07-10,8,1568,11.99,High,High,3.77,0.75,-53,1,196.0,1.5,2.12
AST-1162,Laptop,Critical,Active,7,2018-01-28,1456.45,2026-02-12,18,1958,38.58,Low,High,8.59,1.23,-201,1,108.78,2.14,2.1
AST-1163,Network_Switch,Poor,Idle,5,2023-04-08,3895.51,2026-09-14,8,1662,36.58,Low,High,3.4,0.68,13,0,207.75,4.57,2.35
AST-1164,Server,Good,Active,5,2023-04-10,4848.81,2026-11-16,7,519,33.81,Low,Medium,3.39,0.68,76,0,74.14,4.83,2.06
AST-1165,Projector,Poor,Under_Maintenance,5,2021-04-05,2491.8,2026-07-28,10,1155,26.28,Low,High,5.41,1.08,-35,1,115.5,2.63,1.85
AST-1166,Laptop,Critical,Active,3,2023-06-27,7128.58,2026-07-07,4,162,5.17,Medium,High,3.18,1.06,-56,1,40.5,1.29,1.26
AST-1167,Laptop,Good,Under_Maintenance,5,2024-09-22,6104.73,2027-12-13,2,328,9.83,Medium,Low,1.94,0.39,468,0,164.0,4.92,1.03
AST-1168,Laptop,Good,Active,5,2025-09-22,6709.48,2027-06-09,1,173,1.97,Medium,Low,0.94,0.19,281,0,173.0,1.97,1.06
AST-1169,Server,Poor,Active,7,2021-07-28,4093.21,2026-06-29,6,180,18.27,Low,High,5.1,0.73,-64,1,30.0,3.04,1.18
AST-1170,Laptop,Good,Active,7,2025-12-11,6359.3,2026-11-01,1,105,2.08,High,Low,0.72,0.1,61,0,105.0,2.08,1.39
AST-1171,Laptop,Poor,Idle,7,2018-07-17,3480.1,2025-08-31,7,935,17.85,Medium,High,8.13,1.16,-366,1,133.57,2.55,0.86
AST-1172,Network_Switch,Poor,Active,3,2025-11-18,5462.63,2027-08-20,3,582,10.73,Low,Medium,0.79,0.26,353,0,194.0,3.58,3.8
AST-1173,Laptop,Fair,Active,10,2020-02-01,3472.38,2026-08-25,9,1720,23.99,High,High,6.58,0.66,-7,1,191.11,2.67,1.37
AST-1174,Server,Fair,Active,5,2022-05-05,3753.2,2026-11-08,8,574,36.49,Low,High,4.33,0.87,68,0,71.75,4.56,1.85
AST-1175,Laptop,Fair,Active,3,2026-02-01,4062.62,2027-02-25,1,34,1.5,Medium,Low,0.58,0.19,177,0,34.0,1.5,1.72
AST-1176,Laptop,Fair,Idle,5,2023-02-22,4625.43,2026-06-05,8,1533,33.83,Low,High,3.52,0.7,-88,1,191.62,4.23,2.27
AST-1177,Laptop,Good,Active,3,2025-05-30,5889.31,2027-06-15,0,0,0.0,Critical,Low,1.26,0.42,287,0,0.0,0.0,0.0
AST-1178,Server,Poor,Active,3,2023-02-24,5960.71,2025-10-18,3,394,11.97,Medium,High,3.52,1.17,-318,1,131.33,3.99,0.85
AST-1179,Workstation,Poor,Idle,10,2014-05-31,5974.85,2025-08-01,11,850,19.62,Low,High,12.25,1.23,-396,1,77.27,1.78,0.9
AST-1180,Lab_Equipment,Fair,Active,7,2021-05-04,1443.44,2026-10-27,8,487,8.25,Medium,Medium,5.33,0.76,56,0,60.88,1.03,1.5
AST-1181,Laptop,Poor,Active,3,2022-12-05,4160.58,2026-05-05,5,196,8.31,Medium,High,3.74,1.25,-119,1,39.2,1.66,1.34
AST-1182,Workstation,Critical,Active,3,2023-05-10,7366.47,2025-10-13,9,408,31.4,Critical,High,3.31,1.1,-323,1,45.33,3.49,2.72
AST-1183,Workstation,Poor,Idle,7,2018-05-25,7100.28,2025-08-12,16,2082,61.97,Low,High,8.27,1.18,-385,1,130.12,3.87,1.93
AST-1184,Lab_Equipment,Good,Active,5,2025-06-22,4412.11,2027-10-05,0,0,0.0,Low,Low,1.19,0.24,399,0,0.0,0.0,0.0
AST-1185,Lab_Equipment,Good,Active,5,2024-06-20,6421.1,2027-09-16,1,169,1.47,Low,Low,2.2,0.44,380,0,169.0,1.47,0.45
AST-1186,Laptop,Poor,Active,10,2013-10-06,718.87,2025-10-25,30,3149,124.51,Low,High,12.9,1.29,-311,1,104.97,4.15,2.33
AST-1187,Lab_Equipment,Poor,Active,5,2022-05-07,2106.83,2026-07-08,3,200,13.4,Low,High,4.32,0.86,-55,1,66.67,4.47,0.69
AST-1188,Projector,Fair,Active,5,2023-09-28,4518.63,2027-06-15,8,1233,13.96,Low,Medium,2.93,0.59,287,0,154.12,1.74,2.73
AST-1189,Server,Good,Active,5,2026-01-20,889.95,2027-12-18,2,351,8.17,Medium,Low,0.61,0.12,473,0,175.5,4.08,3.28
AST-1190,Workstation,Good,Active,7,2021-09-09,2405.55,2026-08-19,1,117,3.09,Low,Low,4.98,0.71,-13,1,117.0,3.09,0.2
AST-1191,Projector,Good,Active,5,2024-07-30,2557.99,2027-02-09,6,589,23.1,High,Medium,2.09,0.42,161,0,98.17,3.85,2.87
AST-1192,Workstation,Critical,Active,5,2020-10-17,6127.52,2025-08-03,9,771,30.66,Low,High,5.87,1.17,-394,1,85.67,3.41,1.53
AST-1193,Network_Switch,Good,Under_Maintenance,7,2025-08-03,4048.37,2027-06-11,5,915,22.23,Low,Medium,1.08,0.15,283,0,183.0,4.45,4.63
AST-1194,Server,Fair,Active,3,2025-03-20,2782.83,2028-01-04,5,975,19.69,Medium,Medium,1.45,0.48,490,0,195.0,3.94,3.45
AST-1195,Workstation,Good,Active,7,2026-05-27,5396.27,2027-12-31,2,466,2.41,Medium,Low,0.27,0.04,486,0,233.0,1.2,7.41
AST-1196,Network_Switch,Good,Active,7,2024-11-26,6080.02,2027-07-01,2,181,8.97,Medium,Low,1.76,0.25,303,0,90.5,4.49,1.14
AST-1197,Network_Switch,Poor,Active,5,2022-07-19,4459.4,2026-10-30,5,802,11.68,Medium,High,4.12,0.82,59,0,160.4,2.34,1.21
AST-1198,Laptop,Poor,Active,3,2023-07-31,2428.88,2026-02-23,5,358,13.37,High,High,3.09,1.03,-190,1,71.6,2.67,1.62
AST-1199,Workstation,Good,Active,5,2024-10-03,3467.33,2028-01-05,2,229,7.9,Medium,Low,1.91,0.38,491,0,114.5,3.95,1.05
AST-1200,Laptop,Good,Active,5,2023-12-27,2276.36,2027-01-29,5,1148,10.95,Low,Medium,2.68,0.54,150,0,229.6,2.19,1.87
AST-1201,Lab_Equipment,Critical,Active,5,2022-05-26,2298.55,2026-06-06,9,2055,35.52,High,High,4.27,0.85,-87,1,228.33,3.95,2.11
AST-1202,Workstation,Good,Active,5,2022-01-24,5228.79,2026-08-16,8,253,21.87,Low,Medium,4.6,0.92,-16,1,31.62,2.73,1.74
AST-1203,Network_Switch,Fair,Active,10,2020-12-08,2236.85,2027-05-10,9,739,16.72,Low,Medium,5.73,0.57,251,0,82.11,1.86,1.57
AST-1204,Workstation,Fair,Active,3,2024-10-16,5602.41,2026-09-20,7,1302,27.66,Medium,Medium,1.88,0.63,19,0,186.0,3.95,3.72
AST-1205,Workstation,Fair,Active,5,2020-09-03,4549.59,2026-01-15,13,1601,14.14,Low,High,5.99,1.2,-229,1,123.15,1.09,2.17
AST-1206,Lab_Equipment,Poor,Active,3,2024-09-02,6982.49,2026-06-22,2,127,2.56,Low,Medium,2.0,0.67,-71,1,63.5,1.28,1.0
AST-1207,Lab_Equipment,Fair,Active,7,2019-03-27,5264.45,2026-06-23,9,1282,21.85,Medium,High,7.43,1.06,-70,1,142.44,2.43,1.21
AST-1208,Server,Good,Active,7,2023-10-04,6887.9,2027-12-24,6,424,26.61,Medium,Low,2.91,0.42,479,0,70.67,4.43,2.06
AST-1209,Server,Good,Active,7,2019-10-28,3518.4,2026-09-20,7,547,10.29,Low,High,6.84,0.98,19,0,78.14,1.47,1.02
AST-1210,Workstation,Good,Active,7,2019-12-19,4056.03,2026-07-03,8,416,15.12,Medium,Medium,6.7,0.96,-60,1,52.0,1.89,1.19
AST-1211,Lab_Equipment,Good,Idle,5,2026-02-20,3176.33,2027-02-11,1,117,2.72,Medium,Low,0.53,0.11,163,0,117.0,2.72,1.89
AST-1212,Lab_Equipment,Fair,Active,7,2024-12-21,3950.8,2027-04-30,2,109,4.7,Low,Low,1.69,0.24,241,0,54.5,2.35,1.18
AST-1213,Lab_Equipment,Good,Active,5,2024-01-09,6759.29,2027-01-28,0,0,0.0,Medium,Low,2.64,0.53,149,0,0.0,0.0,0.0
AST-1214,Lab_Equipment,Poor,Active,5,2022-02-22,2198.23,2026-06-05,11,1225,46.36,High,High,4.52,0.9,-88,1,111.36,4.21,2.43
AST-1215,Workstation,Critical,Active,3,2023-03-25,3164.78,2026-01-14,7,533,16.81,Medium,High,3.44,1.15,-230,1,76.14,2.4,2.03
AST-1216,Workstation,Poor,Active,5,2023-07-26,5531.44,2026-09-29,3,596,12.27,Medium,Medium,3.1,0.62,28,0,198.67,4.09,0.97
AST-1217,Workstation,Poor,Active,7,2021-04-17,5951.92,2026-10-16,14,880,40.54,Medium,High,5.37,0.77,45,0,62.86,2.9,2.61
AST-1218,Laptop,Good,Under_Maintenance,5,2024-07-08,2114.65,2027-02-02,2,352,5.06,High,Low,2.15,0.43,154,0,176.0,2.53,0.93
AST-1219,Lab_Equipment,Fair,Active,7,2024-01-29,5315.75,2027-02-24,2,351,3.75,Medium,Low,2.59,0.37,176,0,175.5,1.88,0.77
AST-1220,Laptop,Fair,Active,5,2021-05-06,5923.98,2025-10-25,5,1073,9.87,Medium,High,5.32,1.06,-311,1,214.6,1.97,0.94
AST-1221,Workstation,Good,Under_Maintenance,5,2024-06-16,6775.23,2027-11-25,5,249,24.98,Low,Low,2.21,0.44,450,0,49.8,5.0,2.26
AST-1222,Network_Switch,Good,Active,7,2018-11-04,7483.16,2026-05-05,7,739,28.94,Medium,High,7.82,1.12,-119,1,105.57,4.13,0.9
AST-1223,Laptop,Good,Active,5,2025-01-13,502.11,2027-10-02,0,0,0.0,Medium,Low,1.63,0.33,396,0,0.0,0.0,0.0
AST-1224,Lab_Equipment,Poor,Active,7,2021-04-06,4524.75,2026-11-28,15,1882,55.49,Medium,High,5.4,0.77,88,0,125.47,3.7,2.78
AST-1225,Laptop,Good,Active,10,2024-05-10,3952.55,2027-08-30,3,202,11.46,Medium,Low,2.31,0.23,363,0,67.33,3.82,1.3
AST-1226,Lab_Equipment,Good,Active,7,2024-12-27,535.93,2027-10-08,6,901,12.65,High,Medium,1.68,0.24,402,0,150.17,2.11,3.57
AST-1227,Lab_Equipment,Good,Active,5,2024-04-04,769.12,2026-11-13,7,1294,15.02,High,Medium,2.41,0.48,73,0,184.86,2.15,2.9
AST-1228,Projector,Poor,Under_Maintenance,3,2023-02-26,4820.68,2025-08-07,2,469,8.54,High,High,3.51,1.17,-390,1,234.5,4.27,0.57
AST-1229,Projector,Good,Active,3,2025-01-24,904.35,2027-01-31,1,65,1.59,Critical,Low,1.6,0.53,152,0,65.0,1.59,0.62
AST-1230,Network_Switch,Good,Active,10,2020-11-11,2376.42,2027-10-17,5,371,21.18,Low,Low,5.8,0.58,411,0,74.2,4.24,0.86
AST-1231,Laptop,Good,Active,7,2025-02-13,987.43,2027-06-01,3,180,10.49,Low,Low,1.55,0.22,273,0,60.0,3.5,1.94
AST-1232,Laptop,Good,Active,3,2024-10-15,2575.89,2026-10-29,6,857,26.16,Critical,Medium,1.88,0.63,58,0,142.83,4.36,3.19
AST-1233,Server,Good,Active,5,2025-04-08,3874.69,2027-09-22,4,501,16.2,Low,Low,1.4,0.28,386,0,125.25,4.05,2.86
AST-1234,Workstation,Good,Active,10,2024-04-02,4430.86,2027-07-12,4,599,6.96,Low,Low,2.41,0.24,314,0,149.75,1.74,1.66
AST-1235,Workstation,Critical,Active,3,2023-06-04,2428.52,2025-08-24,4,587,17.52,High,High,3.24,1.08,-373,1,146.75,4.38,1.23
AST-1236,Workstation,Good,Active,5,2025-02-09,1949.27,2027-11-19,0,0,0.0,Medium,Low,1.56,0.31,444,0,0.0,0.0,0.0
AST-1237,Network_Switch,Fair,Under_Maintenance,3,2024-10-17,2893.66,2026-06-20,0,0,0.0,Low,Low,1.87,0.62,-73,1,0.0,0.0,0.0
AST-1238,Projector,Fair,Active,5,2023-07-21,5800.09,2026-07-01,6,437,14.17,Medium,Medium,3.12,0.62,-62,1,72.83,2.36,1.92
AST-1239,Lab_Equipment,Good,Active,10,2019-12-19,3959.06,2026-06-13,10,637,11.0,Medium,Medium,6.7,0.67,-80,1,63.7,1.1,1.49
AST-1240,Workstation,Fair,Active,3,2023-10-20,1192.31,2026-09-20,6,1033,19.58,High,High,2.87,0.96,19,0,172.17,3.26,2.09
AST-1241,Laptop,Fair,Active,3,2026-06-07,6270.7,2027-06-18,0,0,0.0,Medium,Low,0.24,0.08,290,0,0.0,0.0,0.0
AST-1242,Projector,Poor,Under_Maintenance,5,2022-08-19,5217.35,2026-07-31,5,901,19.12,Medium,High,4.04,0.81,-32,1,180.2,3.82,1.24
AST-1243,Projector,Good,Active,5,2024-05-08,960.47,2027-05-13,5,246,8.26,Medium,Low,2.32,0.46,254,0,49.2,1.65,2.16
AST-1244,Workstation,Good,Active,10,2020-10-10,3960.78,2027-02-16,7,522,25.58,Medium,Medium,5.89,0.59,168,0,74.57,3.65,1.19
AST-1245,Laptop,Poor,Active,7,2018-07-05,6855.14,2026-04-08,9,916,24.48,High,High,8.16,1.17,-146,1,101.78,2.72,1.1
AST-1246,Workstation,Fair,Active,7,2021-10-04,2444.41,2026-08-31,10,1679,45.94,Medium,High,4.91,0.7,-1,1,167.9,4.59,2.04
AST-1247,Laptop,Poor,Active,3,2023-06-02,6086.96,2026-06-25,3,464,11.87,Low,High,3.25,1.08,-68,1,154.67,3.96,0.92
AST-1248,Lab_Equipment,Good,Under_Maintenance,5,2025-11-07,1624.92,2027-07-07,4,411,4.81,Low,Low,0.82,0.16,309,0,102.75,1.2,4.88
AST-1249,Lab_Equipment,Good,Active,5,2025-01-26,4759.19,2027-02-19,4,796,9.25,Low,Low,1.6,0.32,171,0,199.0,2.31,2.5
AST-1250,Workstation,Fair,Under_Maintenance,5,2023-06-15,6370.45,2026-07-13,5,1130,18.68,Medium,High,3.21,0.64,-50,1,226.0,3.74,1.56
AST-1251,Workstation,Poor,Active,5,2023-12-04,1544.65,2027-08-15,3,476,14.26,Medium,Medium,2.74,0.55,348,0,158.67,4.75,1.09
AST-1252,Workstation,Poor,Active,5,2023-01-07,3262.78,2026-10-31,4,687,14.53,Low,Medium,3.65,0.73,60,0,171.75,3.63,1.1
AST-1253,Laptop,Good,Active,3,2025-12-02,6273.85,2026-11-18,2,271,7.85,Critical,Low,0.75,0.25,78,0,135.5,3.92,2.67
AST-1254,Workstation,Poor,Active,7,2018-02-28,6906.59,2025-12-10,16,2756,43.42,Medium,High,8.51,1.22,-265,1,172.25,2.71,1.88
AST-1255,Server,Poor,Active,3,2023-05-25,4236.11,2025-09-24,7,267,14.62,Low,High,3.27,1.09,-342,1,38.14,2.09,2.14
AST-1256,Projector,Good,Under_Maintenance,10,2021-06-08,5571.43,2027-04-01,9,2043,15.52,Medium,Medium,5.23,0.52,212,0,227.0,1.72,1.72
AST-1257,Workstation,Good,Active,5,2023-01-17,3362.07,2026-07-02,4,133,14.59,Medium,Low,3.62,0.72,-61,1,33.25,3.65,1.1
AST-1258,Workstation,Good,Active,5,2026-05-10,6328.13,2028-01-02,2,81,2.32,Medium,Low,0.31,0.06,488,0,40.5,1.16,6.45
AST-1259,Laptop,Fair,Active,3,2024-04-29,480.25,2026-10-22,6,1319,14.99,Medium,High,2.34,0.78,51,0,219.83,2.5,2.56
AST-1260,Workstation,Fair,Under_Maintenance,5,2021-03-27,6120.11,2026-05-12,8,1067,22.15,Low,High,5.43,1.09,-112,1,133.38,2.77,1.47
AST-1261,Laptop,Fair,Active,5,2025-06-25,4461.17,2027-10-20,1,105,2.63,Medium,Low,1.19,0.24,414,0,105.0,2.63,0.84
AST-1262,Workstation,Good,Active,3,2025-01-15,5349.86,2027-01-24,4,322,14.76,High,Low,1.63,0.54,145,0,80.5,3.69,2.45
AST-1263,Lab_Equipment,Good,Active,7,2022-12-17,1509.85,2027-09-20,7,1059,31.25,Low,Medium,3.71,0.53,384,0,151.29,4.46,1.89
AST-1264,Laptop,Good,Under_Maintenance,5,2023-11-26,3435.15,2027-03-25,6,1211,6.96,High,Medium,2.77,0.55,205,0,201.83,1.16,2.17
AST-1265,Projector,Fair,Active,5,2025-03-04,5834.08,2027-02-19,4,688,13.51,Medium,Medium,1.49,0.3,171,0,172.0,3.38,2.68
AST-1266,Lab_Equipment,Good,Active,5,2023-10-15,2359.05,2027-10-04,4,230,13.7,High,Low,2.88,0.58,398,0,57.5,3.42,1.39
AST-1267,Workstation,Good,Active,7,2023-06-16,3797.55,2027-12-13,1,84,1.11,Medium,Low,3.21,0.46,468,0,84.0,1.11,0.31
AST-1268,Laptop,Poor,Active,5,2025-05-26,2501.12,2027-08-19,4,195,13.61,Low,Medium,1.27,0.25,352,0,48.75,3.4,3.15
AST-1269,Projector,Good,Active,5,2025-08-06,5474.5,2027-03-09,5,151,10.44,Low,Low,1.07,0.21,189,0,30.2,2.09,4.67
AST-1270,Lab_Equipment,Fair,Active,5,2022-09-30,515.33,2026-10-12,3,613,14.02,Medium,Medium,3.92,0.78,41,0,204.33,4.67,0.77
AST-1271,Workstation,Good,Active,5,2021-11-21,5936.73,2026-06-25,6,828,8.04,Medium,High,4.78,0.96,-68,1,138.0,1.34,1.26
AST-1272,Laptop,Good,Active,5,2024-01-17,2106.12,2026-12-11,7,690,15.56,Medium,Medium,2.62,0.52,101,0,98.57,2.22,2.67
AST-1273,Lab_Equipment,Good,Active,5,2024-07-05,1345.79,2027-08-05,7,247,14.97,Medium,Low,2.16,0.43,338,0,35.29,2.14,3.24
AST-1274,Lab_Equipment,Good,Active,7,2024-10-01,1291.4,2027-12-28,2,83,2.84,Medium,Low,1.92,0.27,483,0,41.5,1.42,1.04
AST-1275,Lab_Equipment,Fair,Active,5,2022-06-20,6222.48,2026-06-11,10,1773,32.26,Medium,High,4.2,0.84,-82,1,177.3,3.23,2.38
AST-1276,Projector,Fair,Active,3,2025-04-29,803.86,2027-10-03,4,905,8.01,Low,Medium,1.34,0.45,397,0,226.25,2.0,2.99
AST-1277,Lab_Equipment,Good,Active,10,2021-08-28,840.46,2027-03-29,10,1661,12.46,High,Medium,5.01,0.5,209,0,166.1,1.25,2.0
AST-1278,Projector,Poor,Active,5,2020-06-17,1475.17,2026-02-07,9,509,23.1,Low,High,6.21,1.24,-206,1,56.56,2.57,1.45
AST-1279,Network_Switch,Fair,Active,5,2026-02-18,4321.8,2027-07-19,0,0,0.0,Low,Low,0.53,0.11,321,0,0.0,0.0,0.0
AST-1280,Lab_Equipment,Good,Active,10,2021-06-03,2503.91,2027-01-02,9,1750,18.97,High,Medium,5.25,0.52,123,0,194.44,2.11,1.71
AST-1281,Workstation,Good,Active,7,2017-11-01,1657.79,2025-11-08,14,3171,51.65,Medium,High,8.83,1.26,-297,1,226.5,3.69,1.59
AST-1282,Server,Fair,Active,10,2026-03-22,7375.9,2026-12-07,0,0,0.0,Medium,Low,0.45,0.04,97,0,0.0,0.0,0.0
AST-1283,Workstation,Poor,Active,5,2020-10-16,3120.83,2026-05-14,17,722,58.1,High,High,5.88,1.18,-110,1,42.47,3.42,2.89
AST-1284,Lab_Equipment,Good,Active,5,2022-04-14,968.75,2026-08-22,4,525,10.12,High,Medium,4.38,0.88,-10,1,131.25,2.53,0.91
AST-1285,Workstation,Good,Under_Maintenance,5,2026-02-10,905.21,2027-07-10,2,101,2.35,Low,Low,0.56,0.11,312,0,50.5,1.18,3.57
AST-1286,Lab_Equipment,Good,Active,5,2026-03-20,7116.39,2027-11-05,0,0,0.0,Medium,Low,0.45,0.09,430,0,0.0,0.0,0.0
AST-1287,Workstation,Fair,Active,5,2020-03-28,5258.63,2025-08-16,10,308,36.82,Medium,High,6.43,1.29,-381,1,30.8,3.68,1.56
AST-1288,Laptop,Good,Active,5,2023-11-16,570.44,2027-03-27,6,405,25.14,Medium,Low,2.79,0.56,207,0,67.5,4.19,2.15
AST-1289,Lab_Equipment,Poor,Active,5,2020-08-30,916.42,2026-04-21,7,812,34.39,Low,High,6.0,1.2,-133,1,116.0,4.91,1.17
AST-1290,Network_Switch,Poor,Under_Maintenance,5,2021-11-16,3382.08,2026-09-15,7,1674,10.79,Medium,High,4.79,0.96,14,0,239.14,1.54,1.46
AST-1291,Laptop,Fair,Idle,3,2025-11-29,7139.84,2027-11-22,1,170,2.94,Medium,Low,0.76,0.25,447,0,170.0,2.94,1.32
AST-1292,Laptop,Fair,Active,5,2022-11-10,1546.35,2026-08-27,3,581,9.77,Low,High,3.81,0.76,-5,1,193.67,3.26,0.79
AST-1293,Lab_Equipment,Poor,Active,5,2021-06-18,5618.68,2025-12-20,5,671,10.71,Medium,High,5.2,1.04,-255,1,134.2,2.14,0.96
AST-1294,Workstation,Fair,Active,5,2020-07-17,1638.31,2026-02-09,10,1394,45.86,Low,High,6.12,1.22,-204,1,139.4,4.59,1.63
AST-1295,Workstation,Poor,Active,7,2021-05-08,6723.68,2026-09-18,7,1026,23.46,Medium,High,5.32,0.76,17,0,146.57,3.35,1.32
AST-1296,Lab_Equipment,Good,Active,3,2026-03-06,1619.99,2027-06-15,1,32,3.6,Medium,Low,0.49,0.16,287,0,32.0,3.6,2.04
AST-1297,Network_Switch,Good,Active,10,2026-03-31,1491.86,2027-11-24,4,361,18.08,Low,Low,0.42,0.04,449,0,90.25,4.52,9.52
AST-1298,Workstation,Fair,Active,7,2024-03-20,1966.62,2026-12-30,5,370,24.53,Medium,Medium,2.45,0.35,120,0,74.0,4.91,2.04
AST-1299,Projector,Critical,Active,5,2021-07-21,5837.6,2025-11-20,8,1491,15.43,Medium,High,5.11,1.02,-285,1,186.38,1.93,1.57
AST-1300,Laptop,Critical,Under_Maintenance,3,2023-07-31,6855.69,2026-03-19,5,660,7.18,Low,High,3.09,1.03,-166,1,132.0,1.44,1.62
AST-1301,Laptop,Critical,Active,7,2018-09-08,2547.51,2025-09-19,8,1827,29.84,Low,High,7.98,1.14,-347,1,228.38,3.73,1.0
AST-1302,Lab_Equipment,Poor,Under_Maintenance,5,2023-04-10,1251.67,2026-07-30,9,1602,35.71,Medium,High,3.39,0.68,-33,1,178.0,3.97,2.65
AST-1303,Laptop,Good,Under_Maintenance,7,2024-12-30,780.81,2027-09-11,3,209,11.64,Medium,Low,1.67,0.24,375,0,69.67,3.88,1.8
AST-1304,Lab_Equipment,Fair,Under_Maintenance,5,2021-04-04,6289.9,2025-11-13,11,954,21.95,High,High,5.41,1.08,-292,1,86.73,2.0,2.03
AST-1305,Laptop,Good,Idle,7,2022-12-29,1388.7,2026-11-04,7,413,34.52,Low,Low,3.67,0.52,64,0,59.0,4.93,1.91
AST-1306,Workstation,Poor,Active,5,2022-09-26,3347.53,2026-08-18,8,1912,21.93,High,High,3.93,0.79,-14,1,239.0,2.74,2.04
AST-1307,Laptop,Good,Under_Maintenance,3,2025-09-28,3372.74,2027-02-04,2,110,2.54,Medium,Low,0.93,0.31,156,0,55.0,1.27,2.15
AST-1308,Projector,Good,Active,5,2025-10-01,4037.99,2027-04-02,1,37,4.98,Low,Low,0.92,0.18,213,0,37.0,4.98,1.09
AST-1309,Workstation,Good,Active,3,2026-05-11,3181.86,2027-10-19,1,210,4.46,Low,Low,0.31,0.1,413,0,210.0,4.46,3.23
AST-1310,Network_Switch,Critical,Active,5,2020-03-30,3830.95,2025-08-02,14,2496,33.35,Low,High,6.42,1.28,-395,1,178.29,2.38,2.18
AST-1311,Laptop,Good,Active,5,2021-04-27,2795.05,2025-09-30,5,588,12.54,High,High,5.35,1.07,-336,1,117.6,2.51,0.93
AST-1312,Projector,Good,Active,5,2024-05-31,1158.28,2027-12-24,2,388,2.98,Medium,Low,2.25,0.45,479,0,194.0,1.49,0.89
AST-1313,Workstation,Poor,Active,3,2023-02-09,1749.91,2025-10-03,5,687,20.39,High,High,3.56,1.19,-333,1,137.4,4.08,1.4
AST-1314,Projector,Fair,Active,7,2018-07-29,1814.46,2026-04-19,12,762,45.18,Low,High,8.09,1.16,-135,1,63.5,3.76,1.48
AST-1315,Laptop,Fair,Active,5,2021-06-18,5650.23,2025-12-07,4,922,19.26,Medium,High,5.2,1.04,-268,1,230.5,4.82,0.77
AST-1316,Workstation,Fair,Active,3,2025-01-15,7129.24,2027-01-01,5,303,23.76,High,Medium,1.63,0.54,122,0,60.6,4.75,3.07
AST-1317,Server,Poor,Active,5,2021-05-21,890.16,2026-04-01,6,479,13.2,Medium,High,5.28,1.06,-153,1,79.83,2.2,1.14
AST-1318,Lab_Equipment,Good,Under_Maintenance,5,2024-03-17,6250.38,2027-01-28,2,204,7.47,Low,Low,2.46,0.49,149,0,102.0,3.74,0.81
AST-1319,Lab_Equipment,Good,Active,5,2026-02-25,4729.67,2027-02-13,0,0,0.0,High,Low,0.51,0.1,165,0,0.0,0.0,0.0
AST-1320,Workstation,Good,Idle,5,2025-09-21,2584.52,2027-12-12,2,431,6.43,Medium,Low,0.94,0.19,467,0,215.5,3.22,2.13
AST-1321,Workstation,Critical,Active,3,2023-01-31,2727.65,2026-03-18,6,465,23.85,High,High,3.58,1.19,-167,1,77.5,3.98,1.68
AST-1322,Laptop,Poor,Under_Maintenance,5,2020-06-01,3558.45,2026-02-03,11,2205,26.04,Medium,High,6.25,1.25,-210,1,200.45,2.37,1.76
AST-1323,Server,Poor,Under_Maintenance,5,2021-06-24,7081.05,2025-12-15,9,1686,28.65,Low,High,5.19,1.04,-260,1,187.33,3.18,1.73
AST-1324,Laptop,Poor,Idle,7,2022-03-12,1933.82,2026-11-24,8,241,9.26,Critical,Medium,4.47,0.64,84,0,30.12,1.16,1.79
AST-1325,Workstation,Poor,Active,5,2021-03-11,4309.69,2026-06-07,11,1239,31.83,High,High,5.48,1.1,-86,1,112.64,2.89,2.01
AST-1326,Laptop,Good,Active,7,2025-09-19,5915.27,2027-11-07,1,142,3.54,Low,Low,0.95,0.14,432,0,142.0,3.54,1.05
AST-1327,Workstation,Good,Active,3,2025-04-20,4374.19,2027-11-12,5,912,7.43,Low,Medium,1.37,0.46,437,0,182.4,1.49,3.65
AST-1328,Lab_Equipment,Fair,Idle,5,2022-09-14,1580.41,2026-08-11,10,1390,17.9,High,High,3.96,0.79,-21,1,139.0,1.79,2.53
AST-1329,Workstation,Good,Active,3,2024-11-16,5073.98,2027-05-11,4,739,4.59,Medium,Low,1.79,0.6,252,0,184.75,1.15,2.23
AST-1330,Laptop,Good,Active,10,2026-05-08,4324.99,2027-09-21,2,159,5.87,Medium,Low,0.32,0.03,385,0,79.5,2.94,6.25
AST-1331,Workstation,Poor,Active,3,2023-05-19,2102.72,2026-05-22,2,75,2.42,High,High,3.29,1.1,-102,1,37.5,1.21,0.61
AST-1332,Workstation,Good,Active,3,2024-11-13,6392.35,2027-02-23,3,288,4.28,Medium,Low,1.8,0.6,175,0,96.0,1.43,1.67
AST-1333,Workstation,Poor,Active,7,2017-11-16,7287.53,2025-09-16,11,1382,32.21,High,High,8.79,1.26,-350,1,125.64,2.93,1.25
AST-1334,Laptop,Critical,Active,5,2020-08-25,799.19,2026-02-04,10,1020,44.08,Medium,High,6.02,1.2,-209,1,102.0,4.41,1.66
AST-1335,Lab_Equipment,Good,Active,3,2026-06-12,7242.16,2027-04-14,2,112,6.65,High,Low,0.22,0.07,225,0,56.0,3.32,9.09
AST-1336,Laptop,Good,Active,7,2020-09-17,6784.67,2026-09-23,10,984,28.74,Low,High,5.95,0.85,22,0,98.4,2.87,1.68
AST-1337,Projector,Good,Active,5,2025-09-05,1845.1,2027-10-04,0,0,0.0,High,Low,0.99,0.2,398,0,0.0,0.0,0.0
AST-1338,Server,Poor,Active,3,2024-06-29,6883.93,2026-08-12,7,1240,28.43,High,High,2.17,0.72,-20,1,177.14,4.06,3.23
AST-1339,Workstation,Fair,Active,7,2019-11-29,852.94,2026-08-12,10,1212,44.78,Low,High,6.76,0.97,-20,1,121.2,4.48,1.48
AST-1340,Projector,Good,Active,5,2024-06-09,5768.96,2027-04-22,2,185,5.79,Low,Low,2.23,0.45,233,0,92.5,2.9,0.9
AST-1341,Laptop,Good,Active,5,2026-02-21,4541.48,2027-11-24,1,177,2.64,Medium,Low,0.53,0.11,449,0,177.0,2.64,1.89
AST-1342,Workstation,Critical,Active,5,2022-04-26,672.65,2026-08-09,11,2323,32.14,Low,High,4.35,0.87,-23,1,211.18,2.92,2.53
AST-1343,Lab_Equipment,Poor,Active,5,2020-12-12,1848.36,2025-10-01,9,1161,17.19,Low,High,5.72,1.14,-335,1,129.0,1.91,1.57
AST-1344,Laptop,Good,Under_Maintenance,10,2022-02-07,7415.68,2027-06-01,6,412,6.94,Low,Low,4.56,0.46,273,0,68.67,1.16,1.32
AST-1345,Network_Switch,Good,Active,3,2024-10-04,4701.87,2026-08-20,0,0,0.0,Medium,Low,1.91,0.64,-12,1,0.0,0.0,0.0
AST-1346,Lab_Equipment,Good,Active,5,2024-01-15,6700.71,2027-11-28,6,910,12.78,Low,Medium,2.63,0.53,453,0,151.67,2.13,2.28
AST-1347,Laptop,Good,Active,10,2025-10-19,4507.65,2026-12-06,1,96,1.35,Low,Low,0.87,0.09,96,0,96.0,1.35,1.15
AST-1348,Projector,Good,Under_Maintenance,10,2022-03-18,4453.06,2027-12-05,5,420,14.0,Medium,Low,4.46,0.45,460,0,84.0,2.8,1.12
AST-1349,Network_Switch,Good,Active,10,2022-10-26,4221.36,2027-06-22,11,723,27.92,Low,Medium,3.85,0.38,294,0,65.73,2.54,2.86
AST-1350,Laptop,Fair,Under_Maintenance,7,2022-03-07,6037.5,2026-09-14,4,664,12.18,Medium,Medium,4.49,0.64,13,0,166.0,3.04,0.89
AST-1351,Projector,Critical,Active,5,2021-01-14,1390.1,2026-01-04,10,2180,48.66,Medium,High,5.63,1.13,-240,1,218.0,4.87,1.78
AST-1352,Laptop,Good,Active,5,2022-02-24,2341.67,2026-10-13,6,1408,15.87,Medium,High,4.52,0.9,42,0,234.67,2.64,1.33
AST-1353,Lab_Equipment,Good,Active,10,2023-05-29,5237.1,2027-09-11,4,826,4.49,High,Low,3.26,0.33,375,0,206.5,1.12,1.23
AST-1354,Laptop,Good,Active,5,2025-08-28,7168.48,2026-12-01,2,181,3.91,Low,Low,1.01,0.2,91,0,90.5,1.96,1.98
AST-1355,Laptop,Poor,Idle,7,2024-07-24,3003.42,2027-04-21,2,193,4.13,Medium,Medium,2.11,0.3,232,0,96.5,2.06,0.95
AST-1356,Network_Switch,Poor,Active,7,2018-12-17,2953.7,2025-11-21,14,1622,32.45,Medium,High,7.71,1.1,-284,1,115.86,2.32,1.82
AST-1357,Network_Switch,Poor,Active,5,2021-05-14,2486.81,2026-02-18,10,1516,45.56,Medium,High,5.3,1.06,-195,1,151.6,4.56,1.89
AST-1358,Lab_Equipment,Good,Active,5,2026-03-07,2053.3,2027-06-04,1,84,2.86,Low,Low,0.49,0.1,276,0,84.0,2.86,2.04
AST-1359,Projector,Poor,Active,7,2020-03-09,1154.12,2026-10-20,14,2320,39.67,Medium,High,6.48,0.93,49,0,165.71,2.83,2.16
AST-1360,Workstation,Good,Active,5,2025-12-27,3488.6,2027-03-08,2,103,3.16,High,Low,0.68,0.14,188,0,51.5,1.58,2.94
AST-1361,Lab_Equipment,Fair,Active,5,2025-10-30,5011.85,2027-11-16,0,0,0.0,Low,Low,0.84,0.17,441,0,0.0,0.0,0.0
AST-1362,Workstation,Fair,Active,5,2024-01-25,7095.18,2027-07-26,3,304,14.97,Low,Low,2.6,0.52,328,0,101.33,4.99,1.15
AST-1363,Laptop,Fair,Idle,10,2026-03-10,5346.49,2027-09-15,1,202,3.59,Medium,Low,0.48,0.05,379,0,202.0,3.59,2.08
AST-1364,Workstation,Good,Active,5,2020-04-14,6873.91,2026-02-21,13,1644,15.87,Medium,High,6.38,1.28,-192,1,126.46,1.22,2.04
AST-1365,Laptop,Good,Idle,10,2018-04-13,2612.74,2026-09-05,11,1150,41.03,Medium,High,8.39,0.84,4,0,104.55,3.73,1.31
AST-1366,Network_Switch,Good,Active,5,2024-07-04,1289.28,2027-08-15,4,683,17.14,Low,Low,2.16,0.43,348,0,170.75,4.28,1.85
AST-1367,Laptop,Fair,Active,7,2018-09-03,2126.58,2026-01-11,16,3314,44.03,Low,High,7.99,1.14,-233,1,207.12,2.75,2.0
AST-1368,Lab_Equipment,Good,Active,3,2023-09-06,4535.29,2026-07-07,3,120,9.87,High,Medium,2.99,1.0,-56,1,40.0,3.29,1.0
AST-1369,Laptop,Poor,Active,5,2022-09-23,2346.91,2026-06-08,6,1032,26.61,Critical,High,3.94,0.79,-85,1,172.0,4.43,1.52
AST-1370,Lab_Equipment,Good,Active,3,2026-02-09,6171.24,2027-07-12,2,373,8.81,Low,Low,0.56,0.19,314,0,186.5,4.4,3.57
AST-1371,Lab_Equipment,Fair,Active,5,2020-06-09,637.31,2025-12-31,6,802,27.96,Low,High,6.23,1.25,-244,1,133.67,4.66,0.96
AST-1372,Workstation,Fair,Active,7,2022-01-13,6873.67,2026-06-30,8,735,19.35,Medium,High,4.63,0.66,-63,1,91.88,2.42,1.73
AST-1373,Laptop,Good,Under_Maintenance,10,2023-02-05,6760.29,2026-12-15,7,346,11.03,Low,Low,3.57,0.36,105,0,49.43,1.58,1.96
AST-1374,Laptop,Good,Active,7,2025-03-29,1325.28,2027-08-10,3,503,9.45,Medium,Low,1.43,0.2,343,0,167.67,3.15,2.1
AST-1375,Lab_Equipment,Fair,Active,5,2024-10-26,676.95,2027-05-19,7,568,29.36,Low,Medium,1.85,0.37,260,0,81.14,4.19,3.78
AST-1376,Network_Switch,Good,Active,10,2021-08-05,4877.51,2027-05-08,9,1466,34.96,Low,Medium,5.07,0.51,249,0,162.89,3.88,1.78
AST-1377,Network_Switch,Fair,Active,3,2025-02-07,4849.95,2027-01-03,3,100,13.91,Low,Low,1.56,0.52,124,0,33.33,4.64,1.92
AST-1378,Server,Poor,Under_Maintenance,10,2023-10-17,2282.71,2027-08-18,6,306,12.52,High,Medium,2.87,0.29,351,0,51.0,2.09,2.09
AST-1379,Laptop,Good,Active,3,2025-03-24,7367.82,2027-08-04,3,125,4.44,Medium,Low,1.44,0.48,337,0,41.67,1.48,2.08
AST-1380,Projector,Poor,Active,5,2021-03-02,3565.8,2025-11-13,12,1882,42.24,Medium,High,5.5,1.1,-292,1,156.83,3.52,2.18
AST-1381,Workstation,Good,Active,3,2026-06-11,6602.09,2027-02-12,0,0,0.0,Critical,Low,0.22,0.07,164,0,0.0,0.0,0.0
AST-1382,Server,Good,Active,7,2022-11-15,5812.76,2027-01-02,3,356,11.62,Medium,Low,3.79,0.54,123,0,118.67,3.87,0.79
AST-1383,Network_Switch,Fair,Active,5,2021-05-10,4577.86,2026-05-17,11,1452,35.9,High,High,5.31,1.06,-107,1,132.0,3.26,2.07
AST-1384,Server,Good,Active,5,2021-12-15,4562.27,2026-08-31,9,1447,25.09,High,High,4.71,0.94,-1,1,160.78,2.79,1.91
AST-1385,Workstation,Good,Active,3,2024-12-26,6978.76,2027-09-08,3,459,4.31,Critical,Low,1.68,0.56,372,0,153.0,1.44,1.79
AST-1386,Workstation,Good,Active,5,2024-12-13,5494.69,2027-10-07,2,164,9.9,Medium,Low,1.72,0.34,401,0,82.0,4.95,1.16
AST-1387,Network_Switch,Good,Active,5,2025-02-28,2096.88,2027-03-03,0,0,0.0,Low,Low,1.51,0.3,183,0,0.0,0.0,0.0
AST-1388,Laptop,Good,Active,3,2023-12-19,6260.62,2026-06-30,3,322,12.24,High,Medium,2.7,0.9,-63,1,107.33,4.08,1.11
AST-1389,Laptop,Fair,Under_Maintenance,10,2021-04-16,5880.04,2027-05-31,9,553,28.35,Medium,Medium,5.38,0.54,272,0,61.44,3.15,1.67
AST-1390,Lab_Equipment,Good,Active,3,2022-12-02,716.58,2026-06-11,5,673,6.44,Medium,High,3.75,1.25,-82,1,134.6,1.29,1.33
AST-1391,Lab_Equipment,Good,Under_Maintenance,7,2022-03-04,1460.61,2026-09-27,6,1192,25.63,Critical,Medium,4.5,0.64,26,0,198.67,4.27,1.33
AST-1392,Lab_Equipment,Fair,Active,5,2021-09-25,1340.54,2026-09-09,7,1268,9.83,Medium,High,4.93,0.99,8,0,181.14,1.4,1.42
AST-1393,Laptop,Fair,Under_Maintenance,7,2024-06-01,4938.33,2027-02-11,3,359,4.93,Medium,Low,2.25,0.32,163,0,119.67,1.64,1.33
AST-1394,Network_Switch,Fair,Idle,3,2024-08-12,6183.84,2026-11-18,6,1228,15.68,Low,Medium,2.05,0.68,78,0,204.67,2.61,2.93
AST-1395,Laptop,Good,Active,5,2024-12-29,6037.08,2027-06-02,3,380,6.69,Low,Low,1.67,0.33,274,0,126.67,2.23,1.8
AST-1396,Laptop,Critical,Active,5,2023-01-05,2931.57,2026-08-23,6,707,24.62,Low,High,3.66,0.73,-9,1,117.83,4.1,1.64
AST-1397,Lab_Equipment,Good,Under_Maintenance,5,2021-10-22,771.18,2026-11-03,7,498,33.43,Critical,Medium,4.86,0.97,63,0,71.14,4.78,1.44
AST-1398,Laptop,Fair,Idle,10,2019-07-08,2315.17,2026-10-07,8,327,11.64,Low,Medium,7.15,0.72,36,0,40.88,1.46,1.12
AST-1399,Projector,Fair,Active,7,2019-06-25,4019.06,2026-04-13,10,1433,13.1,Low,High,7.19,1.03,-141,1,143.3,1.31,1.39
AST-1400,Workstation,Poor,Active,5,2020-08-05,4925.56,2025-10-10,13,1788,38.34,Medium,High,6.07,1.21,-326,1,137.54,2.95,2.14
AST-1401,Projector,Good,Active,5,2023-01-31,757.29,2026-06-15,6,649,12.11,Medium,Medium,3.58,0.72,-78,1,108.17,2.02,1.68
AST-1402,Laptop,Good,Active,10,2025-10-14,1409.49,2026-11-23,3,197,5.37,Low,Low,0.88,0.09,83,0,65.67,1.79,3.41
AST-1403,Lab_Equipment,Fair,Active,5,2025-10-07,7287.83,2026-11-09,1,60,3.79,Medium,Low,0.9,0.18,69,0,60.0,3.79,1.11
AST-1404,Network_Switch,Poor,Active,10,2017-08-18,1506.55,2026-07-17,13,2165,17.7,High,High,9.04,0.9,-46,1,166.54,1.36,1.44
AST-1405,Laptop,Good,Active,5,2023-12-16,763.69,2027-06-06,5,308,20.97,Medium,Low,2.71,0.54,278,0,61.6,4.19,1.85
AST-1406,Workstation,Poor,Active,5,2025-11-01,4860.27,2026-12-23,3,199,7.54,High,Medium,0.83,0.17,113,0,66.33,2.51,3.61
AST-1407,Lab_Equipment,Fair,Active,5,2021-01-06,6747.21,2025-08-27,9,304,23.41,Medium,High,5.65,1.13,-370,1,33.78,2.6,1.59
AST-1408,Lab_Equipment,Critical,Active,5,2021-03-18,1929.79,2026-06-19,10,1540,36.11,Low,High,5.46,1.09,-74,1,154.0,3.61,1.83
AST-1409,Laptop,Fair,Active,7,2024-10-06,6270.76,2027-07-05,3,698,8.43,Low,Medium,1.9,0.27,307,0,232.67,2.81,1.58
AST-1410,Laptop,Good,Active,10,2022-05-28,6563.5,2027-11-22,9,1264,38.12,Medium,Medium,4.26,0.43,447,0,140.44,4.24,2.11
AST-1411,Lab_Equipment,Fair,Active,5,2024-10-18,2370.41,2027-12-15,1,159,3.04,Medium,Low,1.87,0.37,470,0,159.0,3.04,0.53
AST-1412,Laptop,Good,Active,3,2025-10-13,7150.29,2027-04-28,0,0,0.0,Medium,Low,0.88,0.29,239,0,0.0,0.0,0.0
AST-1413,Workstation,Good,Active,7,2025-01-01,1748.54,2027-05-21,4,349,19.68,Medium,Low,1.66,0.24,262,0,87.25,4.92,2.41
AST-1414,Network_Switch,Poor,Idle,3,2024-07-27,666.45,2026-09-13,4,511,7.84,Medium,Medium,2.1,0.7,12,0,127.75,1.96,1.9
AST-1415,Laptop,Fair,Active,5,2024-03-30,1566.32,2027-06-09,4,742,17.24,Critical,Medium,2.42,0.48,281,0,185.5,4.31,1.65
AST-1416,Server,Fair,Active,5,2023-02-24,597.67,2026-07-18,5,937,18.87,Critical,High,3.52,0.7,-45,1,187.4,3.77,1.42
AST-1417,Laptop,Good,Under_Maintenance,5,2024-06-01,3528.28,2027-11-12,2,433,4.63,Low,Low,2.25,0.45,437,0,216.5,2.32,0.89
AST-1418,Lab_Equipment,Good,Active,10,2025-11-22,2900.84,2027-11-11,3,408,14.86,Medium,Low,0.77,0.08,436,0,136.0,4.95,3.9
AST-1419,Workstation,Fair,Active,5,2023-09-29,1514.01,2027-12-21,8,451,24.95,Low,Medium,2.92,0.58,476,0,56.38,3.12,2.74
AST-1420,Workstation,Poor,Active,7,2026-03-20,4626.47,2027-06-25,0,0,0.0,Critical,Medium,0.45,0.06,297,0,0.0,0.0,0.0
AST-1421,Laptop,Poor,Active,5,2020-10-06,1757.82,2025-12-18,8,1809,32.52,Medium,High,5.9,1.18,-257,1,226.12,4.07,1.36
AST-1422,Server,Poor,Active,5,2020-05-15,5469.1,2025-08-25,10,1544,29.3,Medium,High,6.3,1.26,-372,1,154.4,2.93,1.59
AST-1423,Workstation,Fair,Active,3,2024-09-02,7148.58,2026-08-12,3,698,4.57,Medium,Medium,2.0,0.67,-20,1,232.67,1.52,1.5
AST-1424,Workstation,Poor,Active,5,2021-07-25,1828.34,2026-07-04,11,2282,43.0,Critical,High,5.1,1.02,-59,1,207.45,3.91,2.16
AST-1425,Workstation,Good,Idle,5,2025-03-01,6027.03,2027-01-21,0,0,0.0,High,Low,1.5,0.3,142,0,0.0,0.0,0.0
AST-1426,Lab_Equipment,Fair,Active,10,2014-08-16,464.6,2026-07-06,25,3936,43.85,High,High,12.04,1.2,-57,1,157.44,1.75,2.08
AST-1427,Projector,Fair,Active,5,2023-05-16,1011.42,2026-09-11,4,759,15.41,Medium,Medium,3.3,0.66,10,0,189.75,3.85,1.21
AST-1428,Workstation,Fair,Active,7,2017-12-22,2105.08,2026-04-05,9,1587,29.16,Medium,High,8.69,1.24,-149,1,176.33,3.24,1.04
AST-1429,Laptop,Good,Active,5,2026-06-20,957.42,2027-11-22,1,107,3.28,High,Low,0.2,0.04,447,0,107.0,3.28,5.0
AST-1430,Projector,Good,Active,7,2025-09-24,5150.99,2027-04-29,2,186,5.07,High,Low,0.94,0.13,240,0,93.0,2.54,2.13
AST-1431,Network_Switch,Good,Active,5,2025-10-05,2189.19,2027-12-10,3,163,4.55,Medium,Low,0.91,0.18,465,0,54.33,1.52,3.3
AST-1432,Projector,Good,Active,5,2020-12-31,5825.08,2026-05-03,10,1996,37.72,Medium,High,5.67,1.13,-121,1,199.6,3.77,1.76
AST-1433,Lab_Equipment,Good,Active,5,2025-08-17,5126.93,2027-06-18,2,248,8.05,High,Low,1.04,0.21,290,0,124.0,4.03,1.92
AST-1434,Laptop,Fair,Active,7,2024-02-11,3315.25,2027-11-30,4,321,10.69,Low,Low,2.55,0.36,455,0,80.25,2.67,1.57
AST-1435,Laptop,Good,Active,3,2025-05-26,4463.22,2027-05-13,4,229,9.53,High,Low,1.27,0.42,254,0,57.25,2.38,3.15
AST-1436,Workstation,Good,Active,3,2026-01-05,6497.09,2027-08-05,1,78,4.46,Low,Low,0.65,0.22,338,0,78.0,4.46,1.54
AST-1437,Lab_Equipment,Good,Active,3,2025-02-10,2897.14,2027-06-27,4,675,9.69,High,Low,1.56,0.52,299,0,168.75,2.42,2.56
AST-1438,Laptop,Fair,Under_Maintenance,5,2021-10-14,3090.59,2026-07-28,10,1219,19.23,Low,High,4.88,0.98,-35,1,121.9,1.92,2.05
AST-1439,Network_Switch,Fair,Active,3,2023-06-01,3436.45,2025-12-25,5,511,8.22,Medium,High,3.25,1.08,-250,1,102.2,1.64,1.54
AST-1440,Projector,Good,Active,3,2025-08-13,7062.98,2027-01-14,4,953,10.53,Low,Low,1.05,0.35,135,0,238.25,2.63,3.81
AST-1441,Lab_Equipment,Fair,Active,5,2025-12-16,410.14,2027-05-16,2,127,3.31,Low,Low,0.71,0.14,257,0,63.5,1.66,2.82
AST-1442,Network_Switch,Poor,Active,10,2013-12-30,2049.26,2025-09-10,26,1679,70.7,Low,High,12.67,1.27,-356,1,64.58,2.72,2.05
AST-1443,Network_Switch,Poor,Active,5,2020-03-29,788.69,2026-03-24,8,1709,38.04,High,High,6.43,1.29,-161,1,213.62,4.76,1.24
AST-1444,Server,Poor,Active,5,2021-04-11,2554.88,2026-03-08,6,456,17.14,Medium,High,5.39,1.08,-177,1,76.0,2.86,1.11
AST-1445,Network_Switch,Fair,Active,7,2022-09-12,2769.3,2027-03-19,3,238,14.19,High,Low,3.97,0.57,199,0,79.33,4.73,0.76
AST-1446,Network_Switch,Fair,Under_Maintenance,5,2023-03-18,7324.24,2026-11-23,5,687,23.37,High,Medium,3.46,0.69,83,0,137.4,4.67,1.45
AST-1447,Workstation,Poor,Active,5,2022-08-02,1531.7,2026-11-24,4,497,13.58,Low,Medium,4.08,0.82,84,0,124.25,3.4,0.98
AST-1448,Workstation,Poor,Active,10,2014-11-08,5947.16,2026-07-26,15,2446,19.31,High,High,11.81,1.18,-37,1,163.07,1.29,1.27
AST-1449,Projector,Good,Active,3,2024-07-08,2553.89,2026-08-13,4,838,10.95,Low,Medium,2.15,0.72,-19,1,209.5,2.74,1.86
AST-1450,Workstation,Good,Active,7,2024-02-18,5847.36,2027-01-29,4,548,11.37,High,Low,2.54,0.36,150,0,137.0,2.84,1.57
AST-1451,Projector,Good,Active,5,2023-05-23,6763.28,2026-10-26,3,495,6.15,Low,Low,3.28,0.66,55,0,165.0,2.05,0.91
AST-1452,Workstation,Critical,Active,7,2018-11-25,3829.77,2026-03-02,9,596,22.66,High,High,7.77,1.11,-183,1,66.22,2.52,1.16
AST-1453,Lab_Equipment,Poor,Active,5,2020-08-03,744.1,2026-05-17,11,1804,25.1,Low,High,6.08,1.22,-107,1,164.0,2.28,1.81
AST-1454,Laptop,Critical,Active,3,2022-12-19,3773.71,2026-04-07,7,546,31.71,Low,High,3.7,1.23,-147,1,78.0,4.53,1.89
AST-1455,Network_Switch,Good,Active,5,2023-09-04,450.39,2027-10-26,8,1655,19.59,Medium,Medium,2.99,0.6,420,0,206.88,2.45,2.68
AST-1456,Laptop,Fair,Active,3,2024-04-04,830.85,2026-08-17,4,570,18.96,High,High,2.41,0.8,-15,1,142.5,4.74,1.66
AST-1457,Server,Good,Under_Maintenance,5,2023-10-14,3742.01,2027-01-08,2,449,6.64,Medium,Low,2.88,0.58,129,0,224.5,3.32,0.69
AST-1458,Projector,Poor,Active,5,2022-07-27,675.48,2026-07-07,3,241,5.5,Low,High,4.1,0.82,-56,1,80.33,1.83,0.73
AST-1459,Server,Good,Active,5,2025-04-17,3980.27,2027-11-15,7,268,34.56,Medium,Low,1.37,0.27,440,0,38.29,4.94,5.11
AST-1460,Workstation,Good,Under_Maintenance,5,2024-09-14,4559.03,2027-07-16,3,583,7.74,Medium,Low,1.96,0.39,318,0,194.33,2.58,1.53
AST-1461,Workstation,Good,Active,10,2021-08-04,5579.6,2026-11-08,14,2186,15.92,Medium,Medium,5.08,0.51,68,0,156.14,1.14,2.76
AST-1462,Workstation,Good,Active,3,2025-02-21,3470.3,2027-08-01,3,555,7.03,High,Low,1.52,0.51,334,0,185.0,2.34,1.97
AST-1463,Laptop,Fair,Active,5,2022-05-27,530.34,2026-09-28,4,419,13.48,High,Medium,4.27,0.85,27,0,104.75,3.37,0.94
AST-1464,Workstation,Critical,Active,5,2020-11-14,465.08,2026-05-20,3,645,7.99,Medium,High,5.8,1.16,-104,1,215.0,2.66,0.52
AST-1465,Projector,Fair,Active,5,2025-04-17,4071.54,2027-12-04,3,426,13.55,Medium,Low,1.37,0.27,459,0,142.0,4.52,2.19
AST-1466,Laptop,Good,Active,3,2025-06-19,2704.0,2027-12-20,1,132,3.95,High,Low,1.2,0.4,475,0,132.0,3.95,0.83
AST-1467,Lab_Equipment,Fair,Active,5,2025-09-14,7115.01,2026-12-28,3,369,10.41,High,Low,0.96,0.19,118,0,123.0,3.47,3.12
AST-1468,Workstation,Poor,Active,10,2015-02-01,2319.47,2025-10-02,15,2749,39.66,Medium,High,11.58,1.16,-334,1,183.27,2.64,1.3
AST-1469,Lab_Equipment,Good,Active,7,2026-01-15,6504.21,2027-05-20,2,374,2.77,Medium,Low,0.63,0.09,261,0,187.0,1.38,3.17
AST-1470,Projector,Good,Active,7,2024-08-16,3960.23,2027-02-10,6,885,17.67,Medium,Medium,2.04,0.29,162,0,147.5,2.94,2.94
AST-1471,Workstation,Poor,Under_Maintenance,7,2021-09-01,1330.67,2026-10-18,6,692,15.2,High,High,5.0,0.71,47,0,115.33,2.53,1.2
AST-1472,Laptop,Good,Active,3,2025-07-04,4014.71,2027-01-03,5,467,22.9,Critical,Low,1.16,0.39,124,0,93.4,4.58,4.31
AST-1473,Server,Poor,Active,3,2022-12-20,3405.84,2026-07-30,9,1275,19.24,Low,High,3.7,1.23,-33,1,141.67,2.14,2.43
AST-1474,Lab_Equipment,Fair,Active,7,2025-01-18,6168.14,2027-11-10,3,117,11.64,Medium,Low,1.62,0.23,435,0,39.0,3.88,1.85
AST-1475,Laptop,Good,Active,3,2024-01-02,402.85,2026-10-26,5,174,13.6,High,Medium,2.66,0.89,55,0,34.8,2.72,1.88
AST-1476,Laptop,Good,Active,3,2023-09-03,4702.7,2026-09-13,7,324,9.97,Medium,Medium,3.0,1.0,12,0,46.29,1.42,2.33
AST-1477,Workstation,Good,Active,10,2024-06-21,3861.02,2027-04-09,3,665,13.0,Low,Low,2.2,0.22,220,0,221.67,4.33,1.36
AST-1478,Network_Switch,Poor,Active,3,2022-11-23,4138.82,2026-04-12,6,787,22.87,Low,High,3.77,1.26,-142,1,131.17,3.81,1.59
AST-1479,Workstation,Fair,Under_Maintenance,5,2021-10-31,1742.88,2026-09-14,7,1597,18.1,Medium,High,4.84,0.97,13,0,228.14,2.59,1.45
AST-1480,Laptop,Fair,Under_Maintenance,5,2024-10-22,3630.15,2027-05-26,1,134,3.18,Low,Low,1.86,0.37,267,0,134.0,3.18,0.54
AST-1481,Network_Switch,Poor,Active,10,2014-05-17,1799.45,2025-09-13,19,2485,47.36,Medium,High,12.29,1.23,-353,1,130.79,2.49,1.55
AST-1482,Lab_Equipment,Fair,Active,3,2023-02-21,5186.73,2025-12-11,3,460,4.07,Medium,Medium,3.53,1.18,-264,1,153.33,1.36,0.85
AST-1483,Workstation,Good,Idle,10,2019-04-23,5280.8,2026-08-01,10,1664,10.99,High,Medium,7.36,0.74,-31,1,166.4,1.1,1.36
AST-1484,Lab_Equipment,Good,Active,5,2026-02-11,1553.74,2027-11-28,0,0,0.0,Medium,Low,0.55,0.11,453,0,0.0,0.0,0.0
AST-1485,Laptop,Fair,Active,5,2022-04-07,7291.74,2026-07-05,7,1259,12.49,Medium,High,4.4,0.88,-58,1,179.86,1.78,1.59
AST-1486,Laptop,Fair,Active,5,2023-07-15,3010.73,2026-06-22,4,139,18.35,Low,Low,3.13,0.63,-71,1,34.75,4.59,1.28
AST-1487,Workstation,Good,Active,5,2025-09-12,4938.77,2026-12-03,2,167,7.21,Low,Low,0.97,0.19,93,0,83.5,3.6,2.06
AST-1488,Lab_Equipment,Poor,Active,5,2024-10-22,4688.44,2027-11-18,2,261,4.94,High,Medium,1.86,0.37,443,0,130.5,2.47,1.08
AST-1489,Laptop,Good,Active,5,2024-01-29,6340.0,2027-08-13,3,340,8.97,Medium,Low,2.59,0.52,346,0,113.33,2.99,1.16
AST-1490,Workstation,Good,Active,7,2022-07-07,2835.06,2026-12-30,8,1196,35.56,Low,Medium,4.15,0.59,120,0,149.5,4.44,1.93
AST-1491,Workstation,Fair,Active,7,2024-08-08,5148.15,2027-06-26,4,629,18.89,High,Medium,2.06,0.29,298,0,157.25,4.72,1.94
AST-1492,Projector,Good,Active,3,2026-01-31,4727.22,2027-10-27,1,107,3.02,Medium,Low,0.58,0.19,421,0,107.0,3.02,1.72
AST-1493,Network_Switch,Fair,Active,5,2022-08-17,4556.17,2026-09-09,5,978,12.02,Medium,High,4.04,0.81,8,0,195.6,2.4,1.24
AST-1494,Laptop,Good,Active,3,2026-04-11,4595.5,2028-01-09,1,204,3.82,High,Low,0.39,0.13,495,0,204.0,3.82,2.56
AST-1495,Laptop,Good,Active,5,2023-07-25,4877.18,2026-08-23,9,1821,10.36,Medium,Medium,3.1,0.62,-9,1,202.33,1.15,2.9
AST-1496,Lab_Equipment,Fair,Active,3,2023-09-20,459.32,2026-07-04,4,220,12.55,Medium,Medium,2.95,0.98,-59,1,55.0,3.14,1.36
AST-1497,Laptop,Poor,Active,7,2021-11-04,926.65,2026-07-08,4,957,8.5,Medium,High,4.82,0.69,-55,1,239.25,2.12,0.83
AST-1498,Workstation,Fair,Active,5,2020-10-12,2673.29,2025-11-28,8,1490,39.08,Medium,High,5.89,1.18,-277,1,186.25,4.88,1.36
AST-1499,Server,Good,Under_Maintenance,5,2025-07-05,5303.42,2027-06-13,4,393,19.74,Medium,Low,1.16,0.23,285,0,98.25,4.93,3.45
AST-1500,Workstation,Fair,Active,5,2022-07-23,799.97,2026-06-08,6,925,7.73,Low,High,4.11,0.82,-85,1,154.17,1.29,1.46
AST-1501,Workstation,Fair,Active,7,2019-10-15,5748.52,2026-10-09,12,1926,49.34,Medium,High,6.88,0.98,38,0,160.5,4.11,1.74
AST-1502,Laptop,Fair,Active,5,2022-06-08,5318.89,2026-11-06,8,1815,24.96,Medium,High,4.23,0.85,66,0,226.88,3.12,1.89
AST-1503,Laptop,Poor,Under_Maintenance,3,2023-08-21,5705.29,2026-04-09,5,585,18.79,Low,High,3.03,1.01,-145,1,117.0,3.76,1.65
AST-1504,Laptop,Good,Active,10,2016-11-15,4977.51,2026-08-06,16,2285,69.81,Low,High,9.79,0.98,-26,1,142.81,4.36,1.63
AST-1505,Laptop,Good,Under_Maintenance,5,2023-09-03,913.87,2027-12-24,4,748,18.45,Low,Low,3.0,0.6,479,0,187.0,4.61,1.33
AST-1506,Workstation,Fair,Active,5,2020-08-04,4250.94,2026-01-19,13,2120,60.56,Low,High,6.08,1.22,-225,1,163.08,4.66,2.14
AST-1507,Lab_Equipment,Fair,Active,3,2024-04-01,1563.92,2026-10-13,4,252,15.01,Low,Medium,2.42,0.81,42,0,63.0,3.75,1.65
AST-1508,Laptop,Poor,Active,5,2021-10-07,2260.45,2026-11-08,8,1447,24.12,Medium,High,4.9,0.98,68,0,180.88,3.02,1.63
AST-1509,Workstation,Fair,Under_Maintenance,5,2024-05-22,582.77,2027-03-30,2,429,2.1,High,Low,2.28,0.46,210,0,214.5,1.05,0.88
AST-1510,Laptop,Poor,Active,5,2020-08-26,573.18,2025-12-30,9,1644,9.03,High,High,6.02,1.2,-245,1,182.67,1.0,1.5
AST-1511,Workstation,Poor,Active,5,2024-11-01,668.52,2026-12-24,1,181,4.42,Low,Medium,1.83,0.37,114,0,181.0,4.42,0.55
AST-1512,Workstation,Good,Active,5,2026-02-23,1134.1,2027-05-08,0,0,0.0,Medium,Low,0.52,0.1,249,0,0.0,0.0,0.0
AST-1513,Laptop,Fair,Under_Maintenance,5,2023-11-24,5565.81,2027-05-17,3,350,5.47,High,Low,2.77,0.55,258,0,116.67,1.82,1.08
AST-1514,Workstation,Poor,Active,5,2022-09-02,5312.23,2026-08-11,7,230,15.49,Medium,High,4.0,0.8,-21,1,32.86,2.21,1.75
AST-1515,Network_Switch,Fair,Active,5,2023-05-14,3389.94,2026-08-16,2,63,7.02,Low,Low,3.3,0.66,-16,1,31.5,3.51,0.61
AST-1516,Projector,Fair,Active,3,2025-03-19,2940.67,2026-11-03,6,236,7.3,Medium,Medium,1.45,0.48,63,0,39.33,1.22,4.14
AST-1517,Lab_Equipment,Good,Active,7,2025-07-27,6240.8,2027-01-31,1,135,4.21,Medium,Low,1.1,0.16,152,0,135.0,4.21,0.91
AST-1518,Laptop,Poor,Active,7,2020-03-14,3882.23,2026-07-20,7,1390,8.24,Critical,High,6.47,0.92,-43,1,198.57,1.18,1.08
AST-1519,Workstation,Good,Active,7,2022-12-24,3894.73,2027-11-22,1,81,3.72,Low,Low,3.69,0.53,447,0,81.0,3.72,0.27
AST-1520,Workstation,Good,Under_Maintenance,5,2022-05-27,5455.71,2026-07-06,9,500,27.35,Medium,Medium,4.27,0.85,-57,1,55.56,3.04,2.11
AST-1521,Laptop,Good,Active,5,2024-03-15,4951.14,2027-12-01,4,918,5.01,Medium,Low,2.46,0.49,456,0,229.5,1.25,1.63
AST-1522,Workstation,Good,Active,7,2021-10-10,5152.37,2026-10-30,5,438,5.66,Medium,Low,4.89,0.7,59,0,87.6,1.13,1.02
AST-1523,Server,Fair,Active,10,2018-05-02,1547.63,2026-11-13,19,3489,72.9,Low,High,8.33,0.83,73,0,183.63,3.84,2.28
AST-1524,Workstation,Fair,Active,5,2025-02-10,3514.57,2027-10-10,4,384,5.87,Low,Low,1.56,0.31,404,0,96.0,1.47,2.56
AST-1525,Workstation,Poor,Active,5,2020-10-02,1141.81,2025-11-09,10,1721,40.89,Medium,High,5.91,1.18,-296,1,172.1,4.09,1.69
AST-1526,Lab_Equipment,Critical,Active,5,2020-11-04,3934.87,2025-09-25,9,1771,12.56,Low,High,5.82,1.16,-341,1,196.78,1.4,1.55
AST-1527,Server,Good,Active,5,2020-05-05,7356.11,2026-04-25,9,1607,10.12,High,High,6.32,1.26,-129,1,178.56,1.12,1.42
AST-1528,Workstation,Fair,Active,3,2025-11-06,7217.89,2027-08-31,1,130,3.21,Medium,Low,0.82,0.27,364,0,130.0,3.21,1.22
AST-1529,Laptop,Good,Active,10,2024-04-29,7256.14,2026-11-06,7,1106,23.39,Medium,Medium,2.34,0.23,66,0,158.0,3.34,2.99
AST-1530,Laptop,Good,Active,5,2025-08-09,1917.99,2026-12-16,2,431,8.9,Medium,Low,1.06,0.21,106,0,215.5,4.45,1.89
AST-1531,Lab_Equipment,Good,Active,10,2019-09-05,6827.78,2026-06-18,12,2850,30.66,Low,Medium,6.99,0.7,-75,1,237.5,2.56,1.72
AST-1532,Server,Fair,Active,5,2025-03-31,3913.28,2027-09-22,4,734,7.87,Low,Medium,1.42,0.28,386,0,183.5,1.97,2.82
AST-1533,Lab_Equipment,Fair,Active,5,2022-07-10,1237.36,2026-09-28,9,1018,43.7,Medium,High,4.15,0.83,27,0,113.11,4.86,2.17
AST-1534,Laptop,Critical,Active,3,2023-11-17,4978.48,2026-08-10,6,1368,25.08,Low,High,2.79,0.93,-22,1,228.0,4.18,2.15
AST-1535,Network_Switch,Good,Active,5,2023-12-16,5961.36,2027-12-28,3,521,8.23,Low,Low,2.71,0.54,483,0,173.67,2.74,1.11
AST-1536,Server,Fair,Active,7,2022-02-28,2519.0,2026-09-25,3,186,3.83,Critical,Low,4.51,0.64,24,0,62.0,1.28,0.67
AST-1537,Laptop,Good,Under_Maintenance,3,2025-08-09,7046.49,2027-06-16,1,73,2.51,Low,Low,1.06,0.35,288,0,73.0,2.51,0.94
AST-1538,Lab_Equipment,Fair,Under_Maintenance,5,2022-11-07,867.83,2026-07-08,4,376,6.52,Low,Medium,3.82,0.76,-55,1,94.0,1.63,1.05
AST-1539,Network_Switch,Fair,Active,3,2024-06-03,3094.18,2026-09-02,4,874,9.6,Medium,Medium,2.25,0.75,1,0,218.5,2.4,1.78
AST-1540,Laptop,Fair,Active,3,2024-04-21,4128.5,2026-07-10,4,648,6.44,Medium,High,2.36,0.79,-53,1,162.0,1.61,1.69
AST-1541,Lab_Equipment,Good,Active,3,2024-12-19,2763.95,2027-08-21,4,643,10.61,High,Low,1.7,0.57,354,0,160.75,2.65,2.35
AST-1542,Laptop,Good,Active,10,2018-08-19,6034.12,2026-06-19,11,1937,26.07,Low,High,8.04,0.8,-74,1,176.09,2.37,1.37
AST-1543,Workstation,Fair,Active,5,2023-03-17,5669.63,2026-09-02,5,1039,13.83,Low,Medium,3.46,0.69,1,0,207.8,2.77,1.45
AST-1544,Workstation,Fair,Active,5,2020-05-14,5321.79,2026-07-07,11,2243,45.68,Low,High,6.3,1.26,-56,1,203.91,4.15,1.75
AST-1545,Network_Switch,Good,Active,5,2026-04-01,1828.07,2027-01-17,1,86,1.12,Medium,Low,0.42,0.08,138,0,86.0,1.12,2.38
AST-1546,Laptop,Poor,Active,5,2021-01-06,5701.88,2025-09-19,9,1440,37.91,Medium,High,5.65,1.13,-347,1,160.0,4.21,1.59
AST-1547,Network_Switch,Critical,Under_Maintenance,5,2020-07-19,3853.24,2026-02-12,10,1282,48.72,High,High,6.12,1.22,-201,1,128.2,4.87,1.63
AST-1548,Server,Good,Under_Maintenance,3,2024-10-04,4991.01,2026-10-30,2,178,6.25,Low,Low,1.91,0.64,59,0,89.0,3.12,1.05
AST-1549,Workstation,Good,Active,7,2025-04-27,2057.11,2027-05-18,3,188,8.24,Medium,Low,1.35,0.19,259,0,62.67,2.75,2.22
AST-1550,Network_Switch,Good,Active,5,2024-01-18,1612.4,2027-02-07,4,532,19.61,Low,Low,2.62,0.52,159,0,133.0,4.9,1.53
AST-1551,Lab_Equipment,Poor,Active,3,2024-03-29,1036.39,2026-11-22,9,665,9.13,Low,High,2.43,0.81,82,0,73.89,1.01,3.7
AST-1552,Lab_Equipment,Fair,Active,5,2023-08-31,7362.6,2026-08-06,4,600,8.06,Low,Medium,3.0,0.6,-26,1,150.0,2.02,1.33
AST-1553,Workstation,Good,Active,3,2025-05-08,1229.84,2028-01-07,1,43,4.45,Critical,Low,1.32,0.44,493,0,43.0,4.45,0.76
AST-1554,Workstation,Good,Active,5,2026-05-13,4949.04,2027-05-01,1,67,3.76,Medium,Low,0.3,0.06,242,0,67.0,3.76,3.33
AST-1555,Server,Poor,Active,3,2023-07-28,5181.97,2026-06-21,8,1589,39.86,Low,High,3.1,1.03,-72,1,198.62,4.98,2.58
AST-1556,Laptop,Good,Active,5,2024-08-20,508.38,2027-02-04,3,499,10.84,Critical,Low,2.03,0.41,156,0,166.33,3.61,1.48
AST-1557,Workstation,Critical,Active,5,2020-08-18,7018.15,2025-11-09,10,680,42.41,Low,High,6.04,1.21,-296,1,68.0,4.24,1.66
AST-1558,Laptop,Good,Active,10,2024-02-14,7343.75,2028-01-11,3,702,4.84,Medium,Low,2.55,0.26,497,0,234.0,1.61,1.18
AST-1559,Workstation,Poor,Active,5,2020-09-14,2444.33,2026-05-26,12,1479,49.51,Medium,High,5.96,1.19,-98,1,123.25,4.13,2.01
AST-1560,Lab_Equipment,Good,Active,10,2026-04-10,4355.04,2027-10-12,0,0,0.0,High,Low,0.39,0.04,406,0,0.0,0.0,0.0
AST-1561,Lab_Equipment,Poor,Under_Maintenance,5,2021-05-31,5080.0,2026-03-08,6,691,22.31,Low,High,5.25,1.05,-177,1,115.17,3.72,1.14
AST-1562,Lab_Equipment,Poor,Under_Maintenance,7,2019-02-09,1610.77,2025-09-04,12,2675,55.2,Medium,High,7.56,1.08,-362,1,222.92,4.6,1.59
AST-1563,Laptop,Fair,Active,5,2024-01-19,2436.75,2027-02-26,3,260,12.22,High,Low,2.62,0.52,178,0,86.67,4.07,1.15
AST-1564,Workstation,Fair,Active,5,2023-07-12,6602.38,2026-10-18,2,441,7.92,Medium,Low,3.14,0.63,47,0,220.5,3.96,0.64
AST-1565,Lab_Equipment,Poor,Under_Maintenance,5,2023-03-18,5053.22,2026-08-18,7,1549,34.81,Low,High,3.46,0.69,-14,1,221.29,4.97,2.02
AST-1566,Workstation,Fair,Idle,10,2014-03-19,1093.72,2026-07-28,14,2914,15.14,Medium,High,12.45,1.24,-35,1,208.14,1.08,1.12
AST-1567,Laptop,Good,Active,7,2023-12-22,5275.97,2027-08-23,8,702,16.48,Medium,Medium,2.69,0.38,356,0,87.75,2.06,2.97
AST-1568,Laptop,Good,Active,5,2025-12-05,5502.09,2027-02-02,1,108,2.8,Medium,Low,0.74,0.15,154,0,108.0,2.8,1.35
AST-1569,Workstation,Good,Active,3,2023-03-21,3479.44,2026-03-03,7,941,13.0,Low,High,3.45,1.15,-182,1,134.43,1.86,2.03
AST-1570,Laptop,Good,Under_Maintenance,3,2023-11-09,4189.45,2026-06-29,4,193,7.57,Low,Medium,2.81,0.94,-64,1,48.25,1.89,1.42
AST-1571,Laptop,Good,Idle,5,2024-10-31,485.7,2027-06-16,5,399,10.25,Medium,Low,1.83,0.37,288,0,79.8,2.05,2.73
AST-1572,Network_Switch,Good,Active,5,2026-01-28,5537.42,2027-10-20,2,280,7.53,High,Low,0.59,0.12,414,0,140.0,3.76,3.39
AST-1573,Laptop,Poor,Active,5,2021-09-25,1962.47,2026-08-12,6,752,15.26,Critical,High,4.93,0.99,-20,1,125.33,2.54,1.22
AST-1574,Laptop,Good,Active,3,2026-03-03,4594.35,2027-07-21,0,0,0.0,Low,Low,0.5,0.17,323,0,0.0,0.0,0.0
AST-1575,Workstation,Good,Active,3,2026-02-16,4728.93,2027-01-25,2,197,3.68,Medium,Low,0.54,0.18,146,0,98.5,1.84,3.7
AST-1576,Workstation,Poor,Active,5,2023-03-12,6780.34,2026-07-03,3,255,9.67,Medium,Medium,3.47,0.69,-60,1,85.0,3.22,0.86
AST-1577,Projector,Poor,Active,3,2022-11-14,2037.53,2025-10-21,7,1192,32.08,Low,High,3.8,1.27,-315,1,170.29,4.58,1.84
AST-1578,Workstation,Good,Active,7,2022-08-07,3265.2,2026-12-30,9,502,16.31,Medium,Medium,4.07,0.58,120,0,55.78,1.81,2.21
AST-1579,Server,Fair,Active,5,2022-05-12,5436.13,2026-09-16,4,857,8.83,Medium,Medium,4.31,0.86,15,0,214.25,2.21,0.93
AST-1580,Laptop,Fair,Active,5,2024-11-04,2835.61,2027-04-29,1,135,3.34,High,Low,1.82,0.36,240,0,135.0,3.34,0.55
AST-1581,Workstation,Good,Active,5,2021-02-05,2117.69,2025-09-12,7,918,10.48,Low,High,5.57,1.11,-354,1,131.14,1.5,1.26
AST-1582,Workstation,Poor,Active,5,2022-07-26,3990.77,2026-10-28,5,1112,7.68,Medium,High,4.1,0.82,57,0,222.4,1.54,1.22
AST-1583,Workstation,Good,Active,10,2025-01-22,1073.68,2027-03-26,2,194,8.48,Medium,Low,1.61,0.16,206,0,97.0,4.24,1.24
AST-1584,Network_Switch,Fair,Idle,5,2024-07-14,1107.61,2027-02-27,1,59,2.29,Medium,Low,2.13,0.43,179,0,59.0,2.29,0.47
AST-1585,Workstation,Fair,Active,10,2021-10-27,6879.35,2027-10-09,11,2245,30.53,Medium,Medium,4.85,0.48,403,0,204.09,2.78,2.27
AST-1586,Lab_Equipment,Fair,Active,3,2024-03-17,6279.11,2026-07-02,3,233,5.06,Medium,Medium,2.46,0.82,-61,1,77.67,1.69,1.22
AST-1587,Lab_Equipment,Good,Active,5,2025-12-12,6744.1,2027-04-20,3,634,12.38,High,Low,0.72,0.14,231,0,211.33,4.13,4.17
AST-1588,Workstation,Good,Active,5,2024-10-07,6251.07,2026-11-02,5,695,14.01,Low,Medium,1.9,0.38,62,0,139.0,2.8,2.63
AST-1589,Lab_Equipment,Good,Active,5,2022-10-04,5627.59,2026-09-13,5,906,17.88,Low,High,3.91,0.78,12,0,181.2,3.58,1.28
AST-1590,Network_Switch,Fair,Active,5,2022-06-20,4329.34,2026-06-06,8,517,39.29,Low,High,4.2,0.84,-87,1,64.62,4.91,1.9
AST-1591,Projector,Fair,Active,10,2019-10-07,5546.86,2026-08-21,9,1211,29.86,Low,High,6.9,0.69,-11,1,134.56,3.32,1.3
AST-1592,Laptop,Good,Under_Maintenance,3,2026-04-23,2199.55,2026-12-02,0,0,0.0,High,Low,0.36,0.12,92,0,0.0,0.0,0.0
AST-1593,Laptop,Good,Idle,5,2023-03-24,3111.9,2026-09-12,7,1453,27.6,Low,Medium,3.44,0.69,11,0,207.57,3.94,2.03
AST-1594,Workstation,Good,Active,5,2020-04-28,2223.5,2026-02-15,10,1448,11.63,Low,High,6.34,1.27,-198,1,144.8,1.16,1.58
AST-1595,Lab_Equipment,Fair,Under_Maintenance,10,2015-06-26,2021.32,2026-05-13,16,2040,32.22,Medium,High,11.18,1.12,-111,1,127.5,2.01,1.43
AST-1596,Workstation,Poor,Active,3,2023-03-13,5736.93,2026-02-27,9,531,23.37,Critical,High,3.47,1.16,-186,1,59.0,2.6,2.59
AST-1597,Workstation,Fair,Active,5,2023-10-06,904.27,2027-06-02,5,981,11.49,Medium,Medium,2.9,0.58,274,0,196.2,2.3,1.72
AST-1598,Workstation,Fair,Under_Maintenance,5,2025-08-03,6159.74,2027-02-05,2,196,5.81,Medium,Low,1.08,0.22,157,0,98.0,2.9,1.85
AST-1599,Projector,Poor,Under_Maintenance,10,2015-06-12,6712.83,2026-02-10,16,1877,54.47,Medium,High,11.22,1.12,-203,1,117.31,3.4,1.43
AST-1600,Projector,Poor,Active,5,2021-10-12,4097.79,2026-07-22,10,1155,26.37,Medium,High,4.89,0.98,-41,1,115.5,2.64,2.04
AST-1601,Lab_Equipment,Good,Under_Maintenance,5,2025-08-26,3922.14,2027-01-13,4,766,9.9,Critical,Low,1.02,0.2,134,0,191.5,2.48,3.92
AST-1602,Server,Good,Under_Maintenance,7,2024-12-19,2323.84,2027-03-05,0,0,0.0,Low,Low,1.7,0.24,185,0,0.0,0.0,0.0
AST-1603,Workstation,Fair,Active,7,2021-06-23,440.97,2026-08-20,4,921,17.03,High,Medium,5.19,0.74,-12,1,230.25,4.26,0.77
AST-1604,Workstation,Poor,Idle,10,2016-02-13,6344.26,2026-06-29,18,4114,49.89,Medium,High,10.55,1.06,-64,1,228.56,2.77,1.71
AST-1605,Laptop,Fair,Active,10,2025-07-12,3957.95,2027-08-29,2,228,2.19,Low,Low,1.14,0.11,362,0,114.0,1.1,1.75
AST-1606,Lab_Equipment,Poor,Active,10,2015-08-24,1305.25,2026-06-29,14,3146,36.55,High,High,11.02,1.1,-64,1,224.71,2.61,1.27
AST-1607,Laptop,Fair,Active,7,2022-04-03,1270.34,2026-11-17,2,268,7.52,Low,Low,4.41,0.63,77,0,134.0,3.76,0.45
AST-1608,Lab_Equipment,Fair,Active,5,2022-01-18,3896.91,2026-11-14,4,375,16.33,Low,Medium,4.62,0.92,74,0,93.75,4.08,0.87
AST-1609,Workstation,Poor,Active,3,2023-08-12,1320.91,2026-02-16,4,242,8.63,Low,High,3.06,1.02,-197,1,60.5,2.16,1.31
AST-1610,Lab_Equipment,Good,Active,5,2024-02-03,5508.24,2027-03-27,1,117,4.77,Medium,Low,2.58,0.52,207,0,117.0,4.77,0.39
AST-1611,Workstation,Fair,Active,7,2019-12-19,4737.72,2026-10-28,11,1573,35.86,High,High,6.7,0.96,57,0,143.0,3.26,1.64
AST-1612,Projector,Fair,Active,7,2019-05-08,7098.34,2026-06-27,15,2806,23.34,Low,High,7.32,1.05,-66,1,187.07,1.56,2.05
AST-1613,Network_Switch,Fair,Active,3,2025-03-11,2280.55,2027-04-02,2,215,7.19,Medium,Low,1.48,0.49,213,0,107.5,3.6,1.35
AST-1614,Workstation,Poor,Active,7,2021-01-01,3443.95,2026-07-06,12,2058,37.99,High,High,5.66,0.81,-57,1,171.5,3.17,2.12
AST-1615,Network_Switch,Poor,Under_Maintenance,3,2022-10-11,5742.06,2025-09-17,4,782,17.37,Low,High,3.89,1.3,-349,1,195.5,4.34,1.03
AST-1616,Server,Good,Active,5,2023-03-19,6294.78,2026-08-18,7,1494,9.12,Low,Medium,3.46,0.69,-14,1,213.43,1.3,2.02
AST-1617,Lab_Equipment,Poor,Active,5,2020-12-15,2515.66,2026-07-29,12,383,34.11,Medium,High,5.71,1.14,-34,1,31.92,2.84,2.1
AST-1618,Workstation,Good,Active,5,2024-08-23,4375.24,2027-03-12,3,189,11.05,High,Low,2.02,0.4,192,0,63.0,3.68,1.49
AST-1619,Workstation,Good,Active,5,2026-01-21,4647.1,2027-02-24,2,228,9.59,High,Low,0.61,0.12,176,0,114.0,4.8,3.28
AST-1620,Laptop,Good,Active,7,2022-08-23,6283.54,2027-10-28,5,900,8.42,Low,Medium,4.02,0.57,422,0,180.0,1.68,1.24
AST-1621,Workstation,Poor,Active,5,2023-06-29,716.45,2026-11-24,4,841,8.1,Medium,Medium,3.18,0.64,84,0,210.25,2.02,1.26
AST-1622,Server,Fair,Active,5,2024-05-04,5254.27,2026-11-08,9,2005,38.35,Critical,Medium,2.33,0.47,68,0,222.78,4.26,3.86
AST-1623,Server,Good,Under_Maintenance,5,2025-10-31,1196.91,2027-03-08,2,138,2.8,Medium,Low,0.84,0.17,188,0,69.0,1.4,2.38
AST-1624,Lab_Equipment,Good,Active,3,2025-03-15,1672.18,2027-08-11,3,553,9.68,High,Low,1.46,0.49,344,0,184.33,3.23,2.05
AST-1625,Laptop,Good,Active,5,2025-12-11,4723.89,2027-03-06,1,176,3.5,Low,Low,0.72,0.14,186,0,176.0,3.5,1.39
AST-1626,Laptop,Fair,Under_Maintenance,7,2021-10-11,3207.97,2026-08-01,7,1582,17.17,High,High,4.89,0.7,-31,1,226.0,2.45,1.43
AST-1627,Laptop,Fair,Active,5,2022-06-28,5898.79,2026-06-10,5,185,14.4,Critical,High,4.18,0.84,-83,1,37.0,2.88,1.2
AST-1628,Workstation,Poor,Active,10,2017-02-05,4926.24,2026-09-27,15,2298,64.97,Low,High,9.57,0.96,26,0,153.2,4.33,1.57
AST-1629,Lab_Equipment,Fair,Active,5,2024-02-08,2815.95,2027-07-31,3,122,7.56,Low,Low,2.56,0.51,333,0,40.67,2.52,1.17
AST-1630,Network_Switch,Good,Active,7,2026-01-19,1969.98,2027-02-28,0,0,0.0,Low,Low,0.62,0.09,180,0,0.0,0.0,0.0
AST-1631,Laptop,Poor,Active,5,2021-06-30,4022.51,2026-06-16,6,1153,10.1,Low,High,5.17,1.03,-77,1,192.17,1.68,1.16
AST-1632,Lab_Equipment,Poor,Active,7,2019-03-28,3903.92,2026-05-19,16,3634,62.23,Low,High,7.43,1.06,-105,1,227.12,3.89,2.15
AST-1633,Laptop,Good,Active,3,2025-01-18,5665.38,2027-04-19,1,110,1.63,Medium,Low,1.62,0.54,230,0,110.0,1.63,0.62
AST-1634,Workstation,Good,Active,5,2024-09-10,1812.31,2027-12-16,0,0,0.0,Low,Low,1.97,0.39,471,0,0.0,0.0,0.0
AST-1635,Workstation,Fair,Active,5,2022-04-01,5955.01,2026-09-06,5,1142,8.91,Medium,High,4.42,0.88,5,0,228.4,1.78,1.13
AST-1636,Server,Good,Active,5,2024-11-21,2264.11,2026-11-17,0,0,0.0,High,Low,1.78,0.36,77,0,0.0,0.0,0.0
AST-1637,Laptop,Good,Under_Maintenance,5,2024-01-18,1535.38,2027-04-24,2,273,2.19,Low,Low,2.62,0.52,235,0,136.5,1.1,0.76
AST-1638,Server,Fair,Under_Maintenance,5,2023-08-27,2427.23,2026-07-27,7,992,29.65,High,High,3.01,0.6,-36,1,141.71,4.24,2.33
AST-1639,Workstation,Good,Active,7,2019-05-12,2857.36,2026-05-31,9,625,39.95,Low,High,7.31,1.04,-93,1,69.44,4.44,1.23
AST-1640,Workstation,Good,Active,5,2023-05-07,1927.11,2026-07-22,7,483,10.52,Low,Medium,3.32,0.66,-41,1,69.0,1.5,2.11
AST-1641,Network_Switch,Poor,Active,5,2021-07-19,5698.41,2025-12-22,3,626,11.21,Low,High,5.12,1.02,-253,1,208.67,3.74,0.59
AST-1642,Lab_Equipment,Good,Active,7,2023-10-07,655.87,2027-12-15,4,953,7.16,Medium,Low,2.9,0.41,470,0,238.25,1.79,1.38
AST-1643,Projector,Fair,Active,3,2022-11-18,7127.09,2025-09-09,7,893,22.05,Critical,High,3.79,1.26,-357,1,127.57,3.15,1.85
AST-1644,Laptop,Fair,Active,5,2024-03-11,3188.78,2027-09-02,2,270,2.16,Low,Low,2.48,0.5,366,0,135.0,1.08,0.81
AST-1645,Lab_Equipment,Fair,Active,3,2025-07-08,4049.62,2027-07-10,3,172,11.11,Medium,Low,1.15,0.38,312,0,57.33,3.7,2.61
AST-1646,Network_Switch,Good,Under_Maintenance,7,2020-12-02,7403.31,2026-09-07,13,1688,40.9,High,High,5.75,0.82,6,0,129.85,3.15,2.26
AST-1647,Lab_Equipment,Fair,Active,5,2020-11-01,1554.23,2025-07-30,13,2153,63.59,Low,High,5.83,1.17,-398,1,165.62,4.89,2.23
AST-1648,Lab_Equipment,Fair,Active,7,2022-03-16,957.54,2026-09-11,6,428,27.86,Low,Medium,4.46,0.64,10,0,71.33,4.64,1.35
AST-1649,Laptop,Good,Active,5,2024-11-01,1890.04,2027-07-21,4,426,18.98,Low,Low,1.83,0.37,323,0,106.5,4.74,2.19
AST-1650,Lab_Equipment,Poor,Active,7,2019-04-30,1706.69,2026-04-15,14,2530,52.07,High,High,7.34,1.05,-139,1,180.71,3.72,1.91
AST-1651,Workstation,Fair,Active,3,2025-02-10,1456.4,2027-07-03,1,65,1.12,Low,Low,1.56,0.52,305,0,65.0,1.12,0.64
AST-1652,Projector,Good,Active,3,2024-03-29,3605.62,2026-11-18,1,88,4.48,Medium,Low,2.43,0.81,78,0,88.0,4.48,0.41
AST-1653,Lab_Equipment,Fair,Under_Maintenance,5,2025-12-03,3559.63,2028-01-13,1,77,1.01,Low,Low,0.74,0.15,499,0,77.0,1.01,1.35
AST-1654,Workstation,Poor,Active,5,2022-03-21,6608.99,2026-10-15,3,298,6.24,Medium,Medium,4.45,0.89,44,0,99.33,2.08,0.67
AST-1655,Laptop,Good,Active,5,2022-03-31,3148.63,2026-07-19,11,2061,16.98,Low,High,4.42,0.88,-44,1,187.36,1.54,2.49
AST-1656,Projector,Good,Under_Maintenance,10,2025-09-23,3547.1,2027-01-20,3,286,13.92,High,Low,0.94,0.09,141,0,95.33,4.64,3.19
AST-1657,Lab_Equipment,Good,Active,5,2024-08-24,637.27,2027-10-24,6,453,14.97,Low,Low,2.02,0.4,418,0,75.5,2.5,2.97
AST-1658,Workstation,Fair,Active,5,2023-06-27,6546.48,2026-06-09,6,188,11.76,Low,Medium,3.18,0.64,-84,1,31.33,1.96,1.89
AST-1659,Laptop,Fair,Active,3,2026-05-26,6856.06,2026-11-03,3,93,14.82,High,Low,0.27,0.09,63,0,31.0,4.94,11.11
AST-1660,Server,Good,Active,5,2024-04-27,6744.91,2027-03-08,3,571,10.43,Low,Low,2.35,0.47,188,0,190.33,3.48,1.28
AST-1661,Workstation,Critical,Active,7,2017-09-15,6150.38,2026-02-13,14,1736,57.41,Medium,High,8.96,1.28,-200,1,124.0,4.1,1.56
AST-1662,Laptop,Good,Active,5,2026-04-07,4540.69,2027-02-09,2,435,9.49,High,Low,0.4,0.08,161,0,217.5,4.74,5.0
AST-1663,Lab_Equipment,Poor,Active,5,2020-04-12,2346.37,2026-05-20,10,1343,11.28,Medium,High,6.39,1.28,-104,1,134.3,1.13,1.56
AST-1664,Network_Switch,Good,Active,5,2021-09-16,2011.71,2026-07-13,12,1018,36.57,Low,High,4.96,0.99,-50,1,84.83,3.05,2.42
AST-1665,Workstation,Good,Active,5,2026-04-12,5401.41,2027-06-04,0,0,0.0,High,Low,0.39,0.08,276,0,0.0,0.0,0.0
AST-1666,Workstation,Critical,Active,5,2020-11-12,5501.57,2026-07-07,8,440,28.77,Medium,High,5.8,1.16,-56,1,55.0,3.6,1.38
AST-1667,Lab_Equipment,Fair,Active,3,2024-10-02,6964.82,2026-08-14,5,444,6.06,High,Medium,1.91,0.64,-18,1,88.8,1.21,2.62
AST-1668,Laptop,Good,Active,5,2025-01-13,6799.94,2027-11-01,3,353,7.13,Medium,Low,1.63,0.33,426,0,117.67,2.38,1.84
AST-1669,Laptop,Good,Active,5,2025-08-14,4043.3,2027-02-14,4,515,10.21,Medium,Low,1.05,0.21,166,0,128.75,2.55,3.81
AST-1670,Lab_Equipment,Fair,Active,5,2021-02-16,6610.38,2026-05-31,7,554,21.6,Low,High,5.54,1.11,-93,1,79.14,3.09,1.26
AST-1671,Laptop,Good,Active,5,2025-06-29,1856.8,2027-10-12,3,449,13.88,High,Low,1.17,0.23,406,0,149.67,4.63,2.56
AST-1672,Lab_Equipment,Poor,Idle,5,2023-01-27,1047.84,2026-10-03,3,587,5.32,Low,Medium,3.59,0.72,32,0,195.67,1.77,0.84
AST-1673,Lab_Equipment,Poor,Active,5,2021-01-21,3763.7,2025-10-11,9,1758,44.43,Low,High,5.61,1.12,-325,1,195.33,4.94,1.6
AST-1674,Lab_Equipment,Good,Active,5,2026-04-01,3260.52,2027-12-16,2,346,7.44,Medium,Low,0.42,0.08,471,0,173.0,3.72,4.76
AST-1675,Projector,Good,Active,7,2026-02-17,3744.69,2027-04-24,1,235,1.35,High,Low,0.54,0.08,235,0,235.0,1.35,1.85
AST-1676,Laptop,Poor,Active,5,2021-04-01,2959.29,2026-02-24,7,977,7.2,Low,High,5.42,1.08,-189,1,139.57,1.03,1.29
AST-1677,Lab_Equipment,Good,Under_Maintenance,5,2020-04-23,6606.14,2026-03-23,7,1544,13.6,High,High,6.36,1.27,-162,1,220.57,1.94,1.1
AST-1678,Laptop,Fair,Active,10,2022-11-24,7169.39,2026-11-23,5,1153,5.57,Low,Medium,3.77,0.38,83,0,230.6,1.11,1.33
AST-1679,Workstation,Fair,Active,5,2025-01-11,3888.58,2027-11-18,2,390,4.0,Medium,Low,1.64,0.33,443,0,195.0,2.0,1.22
AST-1680,Laptop,Fair,Under_Maintenance,7,2025-05-17,4416.08,2027-01-01,3,397,9.94,Medium,Low,1.29,0.18,122,0,132.33,3.31,2.33
AST-1681,Workstation,Good,Active,7,2022-08-13,913.67,2027-10-11,5,549,21.37,Medium,Medium,4.05,0.58,405,0,109.8,4.27,1.23
AST-1682,Lab_Equipment,Good,Idle,5,2024-03-11,6821.76,2027-06-09,6,500,26.69,High,Low,2.48,0.5,281,0,83.33,4.45,2.42
AST-1683,Workstation,Critical,Active,3,2022-11-11,6565.1,2025-09-06,6,799,10.12,Low,High,3.81,1.27,-360,1,133.17,1.69,1.57
AST-1684,Workstation,Poor,Active,3,2022-11-15,1487.11,2026-04-25,8,942,25.9,Low,High,3.79,1.26,-129,1,117.75,3.24,2.11
AST-1685,Laptop,Good,Under_Maintenance,5,2024-06-06,5944.71,2027-11-04,2,94,7.13,Medium,Low,2.24,0.45,429,0,47.0,3.56,0.89
AST-1686,Projector,Good,Active,5,2024-09-07,3955.22,2027-05-19,5,860,14.52,Critical,Medium,1.98,0.4,260,0,172.0,2.9,2.53
AST-1687,Network_Switch,Poor,Active,10,2015-10-18,6810.6,2025-10-05,15,2100,45.3,Medium,High,10.87,1.09,-331,1,140.0,3.02,1.38
AST-1688,Projector,Good,Active,10,2024-06-06,3019.07,2027-05-05,6,551,7.2,Medium,Medium,2.24,0.22,246,0,91.83,1.2,2.68
AST-1689,Laptop,Good,Under_Maintenance,5,2022-02-08,5863.35,2026-07-18,4,127,7.77,Low,Medium,4.56,0.91,-45,1,31.75,1.94,0.88
AST-1690,Lab_Equipment,Good,Active,3,2024-07-13,4589.83,2026-07-27,2,394,5.45,Medium,Low,2.14,0.71,-36,1,197.0,2.72,0.93
AST-1691,Lab_Equipment,Good,Active,7,2024-01-23,1263.27,2027-07-02,8,966,21.21,High,Medium,2.61,0.37,304,0,120.75,2.65,3.07
AST-1692,Lab_Equipment,Critical,Idle,3,2023-03-05,618.56,2025-10-30,4,592,11.66,Low,High,3.49,1.16,-306,1,148.0,2.92,1.15
AST-1693,Lab_Equipment,Critical,Under_Maintenance,7,2019-08-27,6828.15,2026-03-04,9,1092,23.47,Medium,High,7.01,1.0,-181,1,121.33,2.61,1.28
AST-1694,Lab_Equipment,Fair,Idle,7,2021-12-13,1144.24,2026-11-04,4,712,17.6,Medium,Medium,4.72,0.67,64,0,178.0,4.4,0.85
AST-1695,Projector,Fair,Under_Maintenance,5,2022-07-08,6402.48,2026-07-27,11,2398,46.32,Low,High,4.15,0.83,-36,1,218.0,4.21,2.65
AST-1696,Network_Switch,Fair,Active,5,2023-11-30,2203.55,2027-11-13,3,221,10.94,High,Low,2.75,0.55,438,0,73.67,3.65,1.09
AST-1697,Laptop,Poor,Active,5,2022-05-25,6585.43,2026-10-15,7,464,17.01,Low,High,4.27,0.85,44,0,66.29,2.43,1.64
AST-1698,Lab_Equipment,Poor,Active,10,2014-02-28,5040.58,2025-09-26,19,3532,35.71,Medium,High,12.51,1.25,-340,1,185.89,1.88,1.52
AST-1699,Laptop,Good,Active,10,2020-10-23,5761.17,2027-09-26,16,1978,52.15,Medium,Medium,5.86,0.59,390,0,123.62,3.26,2.73
AST-1700,Workstation,Good,Active,7,2022-07-15,4581.5,2026-12-31,5,164,20.44,High,Low,4.13,0.59,121,0,32.8,4.09,1.21
AST-1701,Lab_Equipment,Good,Active,3,2025-06-10,3779.08,2027-12-24,1,125,1.28,High,Low,1.23,0.41,479,0,125.0,1.28,0.81
AST-1702,Workstation,Fair,Under_Maintenance,7,2025-11-23,7181.2,2027-01-23,3,206,8.32,Low,Low,0.77,0.11,144,0,68.67,2.77,3.9
AST-1703,Projector,Fair,Active,3,2024-04-21,4847.89,2026-09-07,5,449,8.91,Low,Medium,2.36,0.79,6,0,89.8,1.78,2.12
AST-1704,Workstation,Good,Active,5,2025-01-15,4013.92,2027-11-25,2,326,4.91,High,Low,1.63,0.33,450,0,163.0,2.46,1.23
AST-1705,Network_Switch,Good,Active,5,2024-03-13,1890.52,2027-10-07,3,421,8.42,Medium,Low,2.47,0.49,401,0,140.33,2.81,1.21
AST-1706,Server,Good,Active,7,2022-06-23,509.1,2027-05-06,7,809,26.74,Low,Medium,4.19,0.6,247,0,115.57,3.82,1.67
AST-1707,Network_Switch,Fair,Active,5,2022-10-14,2910.2,2026-08-29,4,372,15.98,High,Medium,3.88,0.78,-3,1,93.0,4.0,1.03
AST-1708,Workstation,Poor,Active,10,2020-01-23,6910.55,2026-10-08,7,1262,16.64,High,High,6.61,0.66,37,0,180.29,2.38,1.06
AST-1709,Laptop,Good,Active,7,2025-05-03,1630.95,2027-03-29,1,103,4.35,Low,Low,1.33,0.19,209,0,103.0,4.35,0.75
AST-1710,Projector,Fair,Active,10,2025-05-15,2468.03,2027-04-12,2,409,7.64,Medium,Low,1.3,0.13,223,0,204.5,3.82,1.54
AST-1711,Server,Good,Idle,7,2024-09-14,3451.19,2027-06-05,2,70,9.4,High,Low,1.96,0.28,277,0,35.0,4.7,1.02
AST-1712,Lab_Equipment,Good,Idle,5,2025-09-25,2980.09,2027-02-20,4,515,17.9,Low,Low,0.93,0.19,172,0,128.75,4.47,4.3
AST-1713,Workstation,Good,Active,7,2021-04-05,6712.56,2026-11-18,11,1500,14.78,Critical,High,5.41,0.77,78,0,136.36,1.34,2.03
AST-1714,Workstation,Fair,Active,7,2021-10-25,3017.21,2026-06-15,8,890,27.21,Medium,High,4.85,0.69,-78,1,111.25,3.4,1.65
AST-1715,Lab_Equipment,Fair,Active,3,2025-06-11,6216.54,2026-12-05,3,131,5.59,Low,Low,1.22,0.41,95,0,43.67,1.86,2.46
AST-1716,Laptop,Fair,Active,5,2022-10-11,6008.06,2026-09-29,4,667,7.24,High,Medium,3.89,0.78,28,0,166.75,1.81,1.03
AST-1717,Server,Good,Active,3,2026-02-08,3915.72,2027-07-26,1,35,4.0,Low,Low,0.56,0.19,328,0,35.0,4.0,1.79
AST-1718,Server,Fair,Active,5,2022-11-07,6597.94,2026-11-05,5,171,17.45,Medium,Medium,3.82,0.76,65,0,34.2,3.49,1.31
AST-1719,Laptop,Fair,Active,5,2024-05-09,5229.13,2026-11-25,4,854,17.74,Medium,Medium,2.31,0.46,85,0,213.5,4.43,1.73
AST-1720,Network_Switch,Poor,Active,5,2021-02-07,2636.9,2026-01-21,9,1668,25.13,High,High,5.56,1.11,-223,1,185.33,2.79,1.62
AST-1721,Network_Switch,Poor,Active,5,2022-11-25,5317.56,2026-09-17,2,78,8.96,Medium,Medium,3.77,0.75,16,0,39.0,4.48,0.53
AST-1722,Lab_Equipment,Poor,Under_Maintenance,5,2021-02-16,3809.9,2025-09-14,7,1604,24.96,High,High,5.54,1.11,-352,1,229.14,3.57,1.26
AST-1723,Lab_Equipment,Fair,Under_Maintenance,5,2023-04-05,5197.8,2026-11-22,9,1340,14.38,Medium,Medium,3.41,0.68,82,0,148.89,1.6,2.64
AST-1724,Server,Fair,Active,3,2025-06-26,417.43,2027-05-01,4,602,15.13,High,Medium,1.18,0.39,242,0,150.5,3.78,3.39
AST-1725,Network_Switch,Fair,Active,5,2021-12-28,685.97,2026-08-12,6,1360,10.01,Medium,High,4.68,0.94,-20,1,226.67,1.67,1.28
AST-1726,Network_Switch,Fair,Active,3,2023-04-16,6173.05,2026-07-21,6,558,18.75,Medium,High,3.38,1.13,-42,1,93.0,3.12,1.78
AST-1727,Laptop,Poor,Active,3,2023-06-13,7472.63,2026-04-03,8,798,23.06,Low,High,3.22,1.07,-151,1,99.75,2.88,2.48
AST-1728,Network_Switch,Poor,Active,7,2019-12-22,7424.27,2026-07-23,10,518,41.57,Medium,High,6.69,0.96,-40,1,51.8,4.16,1.49
AST-1729,Laptop,Fair,Active,5,2022-06-11,1887.35,2026-06-09,9,1635,39.08,Medium,High,4.22,0.84,-84,1,181.67,4.34,2.13
AST-1730,Laptop,Poor,Active,7,2019-07-31,2445.86,2026-04-05,7,1532,26.27,Critical,High,7.09,1.01,-149,1,218.86,3.75,0.99
AST-1731,Network_Switch,Good,Active,10,2023-09-25,5877.54,2026-11-08,3,473,7.41,Medium,Low,2.93,0.29,68,0,157.67,2.47,1.02
AST-1732,Server,Poor,Active,5,2020-07-14,1675.4,2025-11-30,8,1519,18.53,Medium,High,6.13,1.23,-275,1,189.88,2.32,1.31
AST-1733,Workstation,Poor,Under_Maintenance,5,2023-06-06,1010.41,2026-11-01,6,1091,27.73,High,High,3.24,0.65,61,0,181.83,4.62,1.85
AST-1734,Lab_Equipment,Fair,Active,5,2020-03-27,1043.7,2025-11-29,11,807,38.35,Low,High,6.43,1.29,-276,1,73.36,3.49,1.71
AST-1735,Laptop,Good,Active,7,2023-08-02,3865.23,2027-12-19,6,663,9.4,Medium,Medium,3.08,0.44,474,0,110.5,1.57,1.95
AST-1736,Lab_Equipment,Poor,Active,3,2023-05-20,2166.08,2026-02-24,5,594,19.05,High,High,3.29,1.1,-189,1,118.8,3.81,1.52
AST-1737,Laptop,Poor,Active,5,2021-06-19,4728.82,2026-06-23,9,1731,26.08,Medium,High,5.2,1.04,-70,1,192.33,2.9,1.73
AST-1738,Laptop,Poor,Active,7,2021-07-23,5496.86,2026-11-11,6,951,16.52,Medium,High,5.11,0.73,71,0,158.5,2.75,1.17
AST-1739,Server,Good,Active,5,2025-03-18,7022.04,2027-02-24,2,186,4.25,Medium,Low,1.46,0.29,176,0,93.0,2.12,1.37
AST-1740,Server,Good,Under_Maintenance,7,2024-02-28,2141.7,2027-12-29,5,483,16.08,Medium,Low,2.51,0.36,484,0,96.6,3.22,1.99
AST-1741,Workstation,Fair,Active,3,2024-10-17,1336.04,2026-09-30,2,69,2.41,Critical,Low,1.87,0.62,29,0,34.5,1.2,1.07
AST-1742,Workstation,Good,Idle,7,2025-11-24,1167.94,2027-06-11,4,915,13.65,Medium,Low,0.77,0.11,283,0,228.75,3.41,5.19
AST-1743,Workstation,Fair,Under_Maintenance,3,2022-12-23,2627.52,2026-02-20,4,258,13.05,Low,Medium,3.69,1.23,-193,1,64.5,3.26,1.08
AST-1744,Workstation,Good,Under_Maintenance,7,2022-11-25,3229.66,2027-01-13,7,612,23.73,High,Medium,3.77,0.54,134,0,87.43,3.39,1.86
AST-1745,Workstation,Critical,Active,3,2023-01-23,5733.15,2025-12-27,9,1778,24.59,High,High,3.61,1.2,-248,1,197.56,2.73,2.49
AST-1746,Laptop,Fair,Active,7,2022-05-02,2017.39,2026-07-09,7,226,11.75,Medium,Medium,4.33,0.62,-54,1,32.29,1.68,1.62
AST-1747,Lab_Equipment,Good,Active,7,2024-03-27,5821.79,2027-08-29,5,351,16.62,Medium,Low,2.43,0.35,362,0,70.2,3.32,2.06
AST-1748,Laptop,Good,Active,3,2024-12-12,916.61,2026-12-13,5,1139,15.6,High,Medium,1.72,0.57,103,0,227.8,3.12,2.91
AST-1749,Laptop,Good,Active,3,2023-12-28,455.09,2026-08-28,10,1232,29.37,High,High,2.68,0.89,-4,1,123.2,2.94,3.73
AST-1750,Server,Good,Active,5,2026-05-24,6518.59,2027-01-15,2,237,4.46,High,Low,0.27,0.05,136,0,118.5,2.23,7.41
AST-1751,Server,Good,Active,5,2025-12-28,4852.68,2027-03-28,0,0,0.0,High,Low,0.68,0.14,208,0,0.0,0.0,0.0
AST-1752,Workstation,Fair,Active,5,2020-03-07,3474.84,2025-11-15,12,2448,40.96,Medium,High,6.49,1.3,-290,1,204.0,3.41,1.85
AST-1753,Lab_Equipment,Good,Active,5,2025-06-16,3259.4,2027-03-31,2,234,8.3,Medium,Low,1.21,0.24,211,0,117.0,4.15,1.65
AST-1754,Lab_Equipment,Good,Under_Maintenance,3,2025-01-06,2322.21,2028-01-13,5,506,11.7,Low,Medium,1.65,0.55,499,0,101.2,2.34,3.03
AST-1755,Lab_Equipment,Good,Active,7,2023-02-05,5654.26,2027-08-03,4,178,13.13,High,Low,3.57,0.51,336,0,44.5,3.28,1.12
AST-1756,Workstation,Good,Under_Maintenance,7,2021-07-18,5298.78,2026-11-24,10,1246,26.96,Medium,Medium,5.12,0.73,84,0,124.6,2.7,1.95
AST-1757,Projector,Critical,Active,5,2020-06-20,1680.06,2025-11-08,11,2318,47.15,Low,High,6.2,1.24,-297,1,210.73,4.29,1.77
AST-1758,Server,Fair,Active,5,2024-11-24,6575.36,2027-05-09,0,0,0.0,High,Low,1.77,0.35,250,0,0.0,0.0,0.0
AST-1759,Laptop,Good,Active,5,2025-12-14,2435.28,2027-10-09,3,247,13.73,Medium,Low,0.71,0.14,403,0,82.33,4.58,4.23
AST-1760,Lab_Equipment,Good,Active,5,2023-11-19,716.35,2027-10-11,6,450,21.75,Medium,Low,2.78,0.56,405,0,75.0,3.62,2.16
AST-1761,Server,Poor,Active,10,2016-03-03,3080.57,2025-10-15,22,1614,107.34,Low,High,10.5,1.05,-321,1,73.36,4.88,2.1
AST-1762,Network_Switch,Good,Active,5,2026-04-08,6916.4,2026-12-31,0,0,0.0,Low,Low,0.4,0.08,121,0,0.0,0.0,0.0
AST-1763,Network_Switch,Fair,Active,5,2024-05-02,3370.42,2027-12-13,6,1422,25.71,Medium,Medium,2.33,0.47,468,0,237.0,4.28,2.58
AST-1764,Network_Switch,Good,Under_Maintenance,5,2025-11-14,2902.26,2027-04-26,2,133,9.12,Medium,Low,0.8,0.16,237,0,66.5,4.56,2.5
AST-1765,Projector,Poor,Active,10,2021-09-25,2521.5,2027-11-12,8,631,36.98,Low,High,4.93,0.49,437,0,78.88,4.62,1.62
AST-1766,Workstation,Good,Active,5,2022-08-07,4192.12,2026-07-13,6,1003,12.71,Medium,High,4.07,0.81,-50,1,167.17,2.12,1.47
AST-1767,Network_Switch,Fair,Under_Maintenance,10,2023-02-26,2777.48,2027-05-23,3,307,4.78,Medium,Low,3.51,0.35,264,0,102.33,1.59,0.85
AST-1768,Projector,Good,Active,10,2021-09-09,4652.99,2027-11-11,6,332,26.75,Medium,Low,4.98,0.5,436,0,55.33,4.46,1.2
AST-1769,Lab_Equipment,Good,Active,5,2023-11-27,1766.96,2027-09-23,6,991,23.14,Low,Medium,2.76,0.55,387,0,165.17,3.86,2.17
AST-1770,Laptop,Good,Active,5,2024-07-22,7393.06,2027-10-24,1,54,3.13,High,Low,2.11,0.42,418,0,54.0,3.13,0.47
AST-1771,Network_Switch,Fair,Under_Maintenance,5,2023-12-23,4006.05,2027-10-22,4,482,14.14,Low,Low,2.69,0.54,416,0,120.5,3.54,1.49
AST-1772,Workstation,Good,Active,3,2026-06-03,459.28,2026-12-18,1,56,3.18,High,Low,0.25,0.08,108,0,56.0,3.18,4.0
AST-1773,Lab_Equipment,Fair,Under_Maintenance,5,2022-12-13,5475.48,2026-10-12,5,1191,8.66,Medium,Medium,3.72,0.74,41,0,238.2,1.73,1.34
AST-1774,Server,Good,Active,5,2023-06-27,1341.33,2026-08-14,5,181,7.11,Critical,Medium,3.18,0.64,-18,1,36.2,1.42,1.57
AST-1775,Projector,Good,Active,3,2025-11-25,2107.8,2027-06-14,4,783,17.09,Low,Low,0.77,0.26,286,0,195.75,4.27,5.19
AST-1776,Laptop,Fair,Active,10,2024-05-23,699.27,2027-05-18,5,331,5.25,Medium,Medium,2.28,0.23,259,0,66.2,1.05,2.19
AST-1777,Server,Critical,Active,5,2020-04-15,847.54,2025-09-02,20,4335,90.46,High,High,6.38,1.28,-364,1,216.75,4.52,3.13
AST-1778,Lab_Equipment,Poor,Under_Maintenance,3,2024-07-08,2933.25,2026-10-23,0,0,0.0,High,Medium,2.15,0.72,52,0,0.0,0.0,0.0
AST-1779,Workstation,Poor,Active,3,2026-06-05,4864.09,2027-08-04,0,0,0.0,High,Medium,0.24,0.08,337,0,0.0,0.0,0.0
AST-1780,Server,Fair,Active,5,2022-06-26,6479.73,2026-08-31,0,0,0.0,Low,Medium,4.18,0.84,-1,1,0.0,0.0,0.0
AST-1781,Laptop,Good,Active,5,2023-12-26,5190.19,2026-11-24,2,436,7.53,Low,Low,2.68,0.54,84,0,218.0,3.76,0.75
AST-1782,Workstation,Poor,Active,10,2017-10-07,3363.94,2026-10-07,14,452,65.89,Medium,High,8.9,0.89,36,0,32.29,4.71,1.57
AST-1783,Workstation,Critical,Active,10,2014-10-08,7423.21,2025-09-13,14,3299,30.58,High,High,11.9,1.19,-353,1,235.64,2.18,1.18
AST-1784,Workstation,Fair,Active,3,2024-10-06,2094.87,2026-10-05,2,392,5.33,Low,Low,1.9,0.63,34,0,196.0,2.66,1.05
AST-1785,Laptop,Fair,Under_Maintenance,3,2026-01-09,2101.23,2027-11-13,0,0,0.0,Medium,Low,0.64,0.21,438,0,0.0,0.0,0.0
AST-1786,Projector,Fair,Active,3,2026-04-27,5329.93,2027-11-01,4,380,7.14,Medium,Low,0.35,0.12,426,0,95.0,1.78,11.43
AST-1787,Laptop,Good,Active,7,2025-08-11,2229.95,2027-09-26,2,421,5.58,High,Low,1.06,0.15,390,0,210.5,2.79,1.89
AST-1788,Laptop,Good,Active,5,2025-08-10,426.59,2027-06-22,2,385,9.57,Low,Low,1.06,0.21,294,0,192.5,4.78,1.89
AST-1789,Workstation,Fair,Active,10,2026-01-07,7341.19,2026-11-02,1,167,1.32,Low,Low,0.65,0.06,62,0,167.0,1.32,1.54
AST-1790,Network_Switch,Poor,Idle,5,2020-08-18,3444.13,2025-09-15,18,3888,79.03,Low,High,6.04,1.21,-351,1,216.0,4.39,2.98
AST-1791,Lab_Equipment,Poor,Active,3,2023-05-20,1639.28,2026-07-07,6,569,18.06,Low,High,3.29,1.1,-56,1,94.83,3.01,1.82
AST-1792,Network_Switch,Critical,Active,5,2020-12-14,4259.16,2026-05-06,10,883,23.19,Medium,High,5.71,1.14,-118,1,88.3,2.32,1.75
AST-1793,Network_Switch,Good,Active,7,2021-12-14,6156.83,2026-08-21,12,2773,31.41,High,Medium,4.71,0.67,-11,1,231.08,2.62,2.55
AST-1794,Workstation,Good,Active,5,2026-05-09,5825.97,2027-07-13,0,0,0.0,Medium,Low,0.31,0.06,315,0,0.0,0.0,0.0
AST-1795,Lab_Equipment,Good,Under_Maintenance,5,2023-01-10,2338.5,2026-07-18,7,1649,29.32,Low,Medium,3.64,0.73,-45,1,235.57,4.19,1.92
AST-1796,Server,Good,Active,7,2023-11-08,3428.53,2027-01-20,5,978,20.2,Low,Medium,2.81,0.4,141,0,195.6,4.04,1.78
AST-1797,Laptop,Fair,Idle,5,2020-05-03,2725.59,2025-08-26,12,1905,25.08,Low,High,6.33,1.27,-371,1,158.75,2.09,1.9
AST-1798,Workstation,Good,Under_Maintenance,3,2025-03-16,5816.27,2027-07-25,4,664,4.45,Low,Low,1.46,0.49,327,0,166.0,1.11,2.74
AST-1799,Workstation,Good,Active,5,2023-10-14,3860.83,2026-12-30,1,46,2.57,Low,Low,2.88,0.58,120,0,46.0,2.57,0.35
AST-1800,Laptop,Fair,Under_Maintenance,5,2023-01-15,2041.35,2026-08-04,5,1187,18.29,Medium,High,3.63,0.73,-28,1,237.4,3.66,1.38
AST-1801,Workstation,Poor,Active,5,2023-06-08,1151.03,2026-07-24,5,605,16.87,Low,High,3.23,0.65,-39,1,121.0,3.37,1.55
AST-1802,Projector,Good,Active,5,2024-07-14,3592.73,2027-10-20,4,177,4.2,High,Low,2.13,0.43,414,0,44.25,1.05,1.88
AST-1803,Lab_Equipment,Poor,Idle,5,2025-01-12,4779.89,2027-06-11,4,395,5.2,Low,Medium,1.63,0.33,283,0,98.75,1.3,2.45
AST-1804,Workstation,Fair,Active,5,2021-07-15,3847.02,2026-03-31,11,452,48.65,High,High,5.13,1.03,-154,1,41.09,4.42,2.14
AST-1805,Workstation,Poor,Active,3,2026-05-19,1142.0,2027-01-31,2,394,6.77,Low,Medium,0.29,0.1,152,0,197.0,3.38,6.9
AST-1806,Lab_Equipment,Critical,Active,5,2021-04-16,7370.26,2026-03-03,7,1577,26.8,Low,High,5.38,1.08,-182,1,225.29,3.83,1.3
AST-1807,Laptop,Fair,Idle,7,2021-02-18,5168.66,2026-08-13,7,838,18.49,Critical,High,5.53,0.79,-19,1,119.71,2.64,1.27
AST-1808,Laptop,Fair,Active,5,2020-11-11,3886.58,2025-12-24,13,2257,24.21,Medium,High,5.8,1.16,-251,1,173.62,1.86,2.24
AST-1809,Workstation,Fair,Active,3,2022-11-19,3465.09,2025-08-09,6,1421,27.18,Critical,High,3.78,1.26,-388,1,236.83,4.53,1.59
AST-1810,Laptop,Good,Active,3,2025-10-20,3953.51,2027-10-15,1,169,2.87,High,Low,0.87,0.29,409,0,169.0,2.87,1.15
AST-1811,Workstation,Fair,Active,7,2025-12-06,1777.78,2027-08-15,2,400,8.19,Low,Low,0.74,0.11,348,0,200.0,4.1,2.7
AST-1812,Laptop,Good,Active,7,2023-06-29,4895.06,2026-11-22,4,453,9.92,Low,Low,3.18,0.45,82,0,113.25,2.48,1.26
AST-1813,Projector,Fair,Active,7,2025-12-07,5474.28,2027-06-20,3,219,12.07,Medium,Low,0.73,0.1,292,0,73.0,4.02,4.11
AST-1814,Projector,Poor,Under_Maintenance,5,2022-03-08,7079.09,2026-09-30,7,605,34.96,Low,High,4.48,0.9,29,0,86.43,4.99,1.56
AST-1815,Workstation,Critical,Active,5,2020-05-10,7352.59,2025-12-03,20,1024,28.98,Medium,High,6.31,1.26,-272,1,51.2,1.45,3.17
AST-1816,Network_Switch,Poor,Active,5,2020-04-24,3484.38,2026-06-08,14,2165,28.97,Medium,High,6.35,1.27,-85,1,154.64,2.07,2.2
AST-1817,Projector,Critical,Active,3,2023-03-13,4392.21,2026-05-01,6,332,6.15,Medium,High,3.47,1.16,-123,1,55.33,1.03,1.73
AST-1818,Projector,Good,Under_Maintenance,5,2024-07-20,6625.7,2027-10-09,2,256,5.4,Low,Low,2.12,0.42,403,0,128.0,2.7,0.94
AST-1819,Workstation,Fair,Active,7,2017-08-30,5922.32,2026-04-15,9,1414,34.4,Medium,High,9.0,1.29,-139,1,157.11,3.82,1.0
AST-1820,Laptop,Fair,Active,5,2022-03-10,2881.08,2026-07-12,4,740,7.38,Medium,High,4.48,0.9,-51,1,185.0,1.84,0.89
AST-1821,Workstation,Poor,Active,5,2021-06-26,6111.21,2026-05-18,7,484,25.34,Medium,High,5.18,1.04,-106,1,69.14,3.62,1.35
AST-1822,Projector,Poor,Idle,5,2020-06-12,1830.27,2025-09-17,6,1178,16.38,Medium,High,6.22,1.24,-349,1,196.33,2.73,0.96
AST-1823,Projector,Fair,Active,5,2022-09-06,787.23,2026-11-01,2,60,6.93,Low,Medium,3.99,0.8,61,0,30.0,3.46,0.5
AST-1824,Workstation,Good,Active,5,2026-03-01,2625.18,2027-01-04,1,48,1.31,Medium,Low,0.5,0.1,125,0,48.0,1.31,2.0
AST-1825,Projector,Good,Active,5,2024-11-17,1116.31,2027-07-24,3,507,10.36,Medium,Low,1.79,0.36,326,0,169.0,3.45,1.68
AST-1826,Lab_Equipment,Fair,Active,5,2020-12-03,4560.72,2025-10-18,9,500,30.4,Low,High,5.74,1.15,-318,1,55.56,3.38,1.57
AST-1827,Workstation,Fair,Active,5,2024-01-19,1117.64,2027-10-18,3,571,14.38,Medium,Medium,2.62,0.52,412,0,190.33,4.79,1.15
AST-1828,Server,Good,Active,5,2024-01-19,3422.91,2026-12-03,4,515,10.21,High,Low,2.62,0.52,93,0,128.75,2.55,1.53
AST-1829,Laptop,Fair,Active,5,2020-11-01,6550.26,2025-09-07,6,974,23.65,High,High,5.83,1.17,-359,1,162.33,3.94,1.03
AST-1830,Projector,Fair,Active,5,2024-07-17,2106.29,2027-04-06,2,86,6.3,Medium,Low,2.12,0.42,217,0,43.0,3.15,0.94
AST-1831,Workstation,Poor,Active,7,2019-04-08,3324.47,2025-10-30,10,647,18.16,Medium,High,7.4,1.06,-306,1,64.7,1.82,1.35
AST-1832,Projector,Good,Active,5,2025-05-14,2424.21,2027-05-19,1,143,4.18,Low,Low,1.3,0.26,260,0,143.0,4.18,0.77
AST-1833,Lab_Equipment,Poor,Active,5,2022-05-11,3565.53,2026-08-05,3,457,3.62,Low,High,4.31,0.86,-27,1,152.33,1.21,0.7
AST-1834,Network_Switch,Poor,Active,5,2021-09-02,5692.82,2026-07-18,10,2009,38.89,Medium,High,5.0,1.0,-45,1,200.9,3.89,2.0
AST-1835,Workstation,Fair,Active,7,2018-02-23,1372.45,2026-02-03,15,3212,25.86,High,High,8.52,1.22,-210,1,214.13,1.72,1.76
AST-1836,Laptop,Good,Active,5,2025-07-03,1590.06,2027-08-18,0,0,0.0,Medium,Low,1.16,0.23,351,0,0.0,0.0,0.0
AST-1837,Workstation,Good,Under_Maintenance,5,2025-12-20,6816.59,2027-12-04,3,227,6.93,Medium,Low,0.7,0.14,459,0,75.67,2.31,4.29
AST-1838,Workstation,Poor,Active,5,2023-07-17,2054.66,2026-09-16,6,1125,10.21,Medium,High,3.13,0.63,15,0,187.5,1.7,1.92
AST-1839,Workstation,Fair,Active,3,2025-11-09,786.31,2027-08-15,2,123,6.96,Medium,Low,0.81,0.27,348,0,61.5,3.48,2.47
AST-1840,Lab_Equipment,Fair,Active,7,2021-08-19,4856.18,2026-11-18,10,2184,15.45,Low,Medium,5.03,0.72,78,0,218.4,1.54,1.99
AST-1841,Lab_Equipment,Good,Active,7,2026-03-07,7386.53,2027-05-19,0,0,0.0,Medium,Low,0.49,0.07,260,0,0.0,0.0,0.0
AST-1842,Projector,Fair,Active,7,2022-03-18,5185.59,2026-08-21,7,632,23.59,Low,High,4.46,0.64,-11,1,90.29,3.37,1.57
AST-1843,Workstation,Good,Active,3,2026-02-16,6024.98,2027-12-28,0,0,0.0,Medium,Low,0.54,0.18,483,0,0.0,0.0,0.0
AST-1844,Projector,Fair,Active,3,2023-08-26,566.87,2026-03-17,4,891,10.41,Low,High,3.02,1.01,-168,1,222.75,2.6,1.32
AST-1845,Laptop,Fair,Active,7,2021-05-26,3630.58,2026-06-30,9,1782,31.48,Medium,High,5.27,0.75,-63,1,198.0,3.5,1.71
AST-1846,Workstation,Poor,Active,5,2020-06-05,4092.64,2026-03-07,8,1222,29.29,Medium,High,6.24,1.25,-178,1,152.75,3.66,1.28
AST-1847,Server,Good,Active,5,2026-01-10,7204.27,2027-05-10,1,188,4.22,Medium,Low,0.64,0.13,251,0,188.0,4.22,1.56
AST-1848,Laptop,Poor,Active,3,2026-03-11,2810.91,2027-03-16,1,65,4.91,Medium,Medium,0.48,0.16,196,0,65.0,4.91,2.08
AST-1849,Workstation,Critical,Active,5,2020-12-20,6699.77,2026-07-29,14,2222,17.13,Medium,High,5.7,1.14,-34,1,158.71,1.22,2.46
AST-1850,Server,Good,Active,5,2023-10-21,7070.31,2027-05-07,9,377,15.12,Low,Low,2.86,0.57,248,0,41.89,1.68,3.15
AST-1851,Laptop,Good,Active,5,2026-05-22,5765.34,2027-02-24,0,0,0.0,Medium,Low,0.28,0.06,176,0,0.0,0.0,0.0
AST-1852,Server,Poor,Under_Maintenance,5,2024-08-26,3387.4,2027-09-06,2,71,8.59,Low,Medium,2.02,0.4,370,0,35.5,4.3,0.99
AST-1853,Workstation,Good,Active,5,2023-10-22,5587.02,2027-08-01,6,392,23.47,Low,Low,2.86,0.57,334,0,65.33,3.91,2.1
AST-1854,Lab_Equipment,Critical,Active,3,2023-01-25,2842.12,2025-08-31,4,212,10.14,High,High,3.6,1.2,-366,1,53.0,2.54,1.11
AST-1855,Lab_Equipment,Good,Under_Maintenance,7,2023-03-26,706.82,2028-01-02,4,255,6.9,Medium,Low,3.44,0.49,488,0,63.75,1.72,1.16
AST-1856,Lab_Equipment,Fair,Active,7,2024-11-20,7208.95,2027-08-08,7,268,12.62,Low,Medium,1.78,0.25,341,0,38.29,1.8,3.93
AST-1857,Laptop,Good,Active,5,2024-03-23,3385.82,2026-12-13,8,1323,13.67,Medium,Medium,2.44,0.49,103,0,165.38,1.71,3.28
AST-1858,Projector,Poor,Active,5,2020-08-18,3292.08,2025-07-29,11,405,47.12,Low,High,6.04,1.21,-399,1,36.82,4.28,1.82
AST-1859,Network_Switch,Good,Active,5,2025-04-10,7314.94,2027-04-08,5,721,24.01,Medium,Medium,1.39,0.28,219,0,144.2,4.8,3.6
AST-1860,Server,Fair,Active,5,2021-03-10,7105.86,2026-04-24,6,422,14.55,Low,High,5.48,1.1,-130,1,70.33,2.43,1.09
AST-1861,Workstation,Poor,Active,10,2013-09-16,1565.21,2026-07-13,16,1154,65.55,Medium,High,12.96,1.3,-50,1,72.12,4.1,1.23
AST-1862,Lab_Equipment,Fair,Active,5,2020-09-30,7283.68,2026-05-30,9,395,28.87,Low,High,5.92,1.18,-94,1,43.89,3.21,1.52
AST-1863,Workstation,Fair,Active,3,2024-05-24,5393.72,2026-07-10,5,1079,6.33,Critical,High,2.27,0.76,-53,1,215.8,1.27,2.2
AST-1864,Laptop,Fair,Active,5,2025-12-04,1197.14,2027-09-15,3,91,7.21,Low,Low,0.74,0.15,379,0,30.33,2.4,4.05
AST-1865,Workstation,Good,Active,3,2026-01-15,6895.64,2026-12-31,1,96,1.21,Medium,Low,0.63,0.21,121,0,96.0,1.21,1.59
AST-1866,Workstation,Fair,Under_Maintenance,5,2022-02-12,4178.05,2026-08-21,6,237,8.68,Low,High,4.55,0.91,-11,1,39.5,1.45,1.32
AST-1867,Lab_Equipment,Poor,Under_Maintenance,7,2024-05-26,7039.65,2027-12-25,2,294,8.8,Critical,Medium,2.27,0.32,480,0,147.0,4.4,0.88
AST-1868,Lab_Equipment,Good,Under_Maintenance,5,2025-04-30,434.08,2027-06-12,4,838,14.8,Low,Low,1.34,0.27,284,0,209.5,3.7,2.99
AST-1869,Workstation,Good,Under_Maintenance,10,2026-02-03,3684.0,2027-03-17,0,0,0.0,High,Low,0.57,0.06,197,0,0.0,0.0,0.0
AST-1870,Server,Good,Active,5,2025-01-08,3324.23,2027-09-11,0,0,0.0,Low,Low,1.65,0.33,375,0,0.0,0.0,0.0
AST-1871,Lab_Equipment,Poor,Active,10,2023-06-19,5324.81,2028-01-03,4,402,6.72,Medium,Medium,3.2,0.32,489,0,100.5,1.68,1.25
AST-1872,Laptop,Good,Active,7,2022-07-25,2804.34,2027-03-09,3,560,6.91,Medium,Low,4.1,0.59,189,0,186.67,2.3,0.73
AST-1873,Network_Switch,Critical,Under_Maintenance,5,2020-06-08,552.22,2025-11-02,6,397,20.43,Medium,High,6.23,1.25,-303,1,66.17,3.4,0.96
AST-1874,Laptop,Poor,Active,5,2022-02-17,3391.51,2026-11-03,9,1308,9.05,Low,High,4.54,0.91,63,0,145.33,1.01,1.98
AST-1875,Workstation,Fair,Active,10,2017-03-05,2882.54,2026-06-20,15,2389,53.03,Medium,High,9.49,0.95,-73,1,159.27,3.54,1.58
AST-1876,Projector,Good,Active,10,2019-12-05,2570.89,2026-08-25,11,786,32.1,High,Medium,6.74,0.67,-7,1,71.45,2.92,1.63
AST-1877,Lab_Equipment,Good,Active,5,2024-05-10,4457.02,2027-05-15,4,381,12.16,High,Low,2.31,0.46,256,0,95.25,3.04,1.73
AST-1878,Laptop,Poor,Under_Maintenance,7,2018-11-09,2601.12,2026-03-10,4,690,13.05,Medium,High,7.81,1.12,-175,1,172.5,3.26,0.51
AST-1879,Lab_Equipment,Good,Under_Maintenance,3,2024-11-23,3962.09,2027-12-01,1,182,1.14,Critical,Low,1.77,0.59,456,0,182.0,1.14,0.56
AST-1880,Server,Good,Active,5,2024-11-15,3108.23,2027-04-05,4,836,7.95,Low,Low,1.79,0.36,216,0,209.0,1.99,2.23
AST-1881,Lab_Equipment,Fair,Active,5,2022-11-30,6785.31,2026-11-24,4,379,13.72,Low,Medium,3.75,0.75,84,0,94.75,3.43,1.07
AST-1882,Lab_Equipment,Fair,Active,3,2026-04-07,2745.54,2027-02-09,0,0,0.0,Low,Low,0.4,0.13,161,0,0.0,0.0,0.0
AST-1883,Workstation,Fair,Active,10,2018-01-20,2994.38,2026-08-27,8,302,12.51,High,High,8.61,0.86,-5,1,37.75,1.56,0.93
AST-1884,Laptop,Critical,Active,3,2022-12-03,6640.85,2025-10-27,8,1810,17.31,Medium,High,3.75,1.25,-309,1,226.25,2.16,2.13
AST-1885,Laptop,Good,Active,10,2022-03-17,5927.68,2027-11-11,12,1420,51.98,Low,Medium,4.46,0.45,436,0,118.33,4.33,2.69
AST-1886,Workstation,Good,Active,10,2022-11-28,7326.36,2027-01-19,7,578,16.35,Medium,Medium,3.76,0.38,140,0,82.57,2.34,1.86
AST-1887,Workstation,Fair,Active,3,2023-12-11,3445.69,2026-11-05,6,731,26.55,Low,High,2.72,0.91,65,0,121.83,4.42,2.21
AST-1888,Laptop,Good,Active,5,2021-12-29,3068.78,2026-11-16,5,1126,16.04,High,High,4.67,0.93,76,0,225.2,3.21,1.07
AST-1889,Laptop,Poor,Active,5,2023-05-16,7114.74,2026-10-15,6,342,26.58,Medium,Medium,3.3,0.66,44,0,57.0,4.43,1.82
AST-1890,Server,Fair,Active,7,2023-12-27,4288.94,2026-12-06,4,791,17.35,Low,Medium,2.68,0.38,96,0,197.75,4.34,1.49
AST-1891,Laptop,Good,Active,7,2026-01-13,6712.93,2027-02-04,2,205,6.31,High,Low,0.63,0.09,156,0,102.5,3.16,3.17
AST-1892,Workstation,Good,Active,7,2022-12-08,1741.29,2027-09-29,5,388,14.12,Critical,Low,3.73,0.53,393,0,77.6,2.82,1.34
AST-1893,Server,Good,Active,3,2026-05-24,7028.02,2027-06-19,0,0,0.0,Medium,Low,0.27,0.09,291,0,0.0,0.0,0.0
AST-1894,Workstation,Good,Under_Maintenance,3,2025-09-28,5843.65,2027-03-09,1,79,1.94,Medium,Low,0.93,0.31,189,0,79.0,1.94,1.08
AST-1895,Projector,Fair,Active,7,2022-06-04,3317.39,2026-09-10,5,305,12.56,Medium,Medium,4.24,0.61,9,0,61.0,2.51,1.18
AST-1896,Workstation,Good,Active,5,2022-12-23,6709.01,2026-08-01,3,111,8.8,Low,Low,3.69,0.74,-31,1,37.0,2.93,0.81
AST-1897,Server,Good,Under_Maintenance,5,2023-08-19,3296.34,2026-09-01,3,506,10.94,High,Low,3.04,0.61,0,0,168.67,3.65,0.99
AST-1898,Network_Switch,Fair,Active,5,2022-08-16,5286.82,2026-09-03,9,1328,30.26,Critical,High,4.04,0.81,2,0,147.56,3.36,2.23
AST-1899,Laptop,Good,Active,5,2025-03-24,900.79,2027-10-06,4,872,17.79,Low,Low,1.44,0.29,400,0,218.0,4.45,2.78
AST-1900,Workstation,Good,Under_Maintenance,3,2025-06-08,7303.04,2027-07-03,2,416,8.75,Medium,Low,1.23,0.41,305,0,208.0,4.38,1.63
AST-1901,Network_Switch,Poor,Active,3,2024-05-13,7385.31,2026-07-26,2,325,2.69,High,High,2.3,0.77,-37,1,162.5,1.34,0.87
AST-1902,Laptop,Fair,Active,5,2025-09-08,7116.62,2027-09-09,1,147,1.99,Critical,Low,0.98,0.2,373,0,147.0,1.99,1.02
AST-1903,Network_Switch,Good,Active,5,2025-07-19,5975.86,2026-12-23,3,382,11.98,Low,Low,1.12,0.22,113,0,127.33,3.99,2.68
AST-1904,Workstation,Fair,Active,10,2014-04-07,7432.31,2025-10-08,17,3924,70.66,Medium,High,12.4,1.24,-328,1,230.82,4.16,1.37
AST-1905,Workstation,Fair,Active,10,2015-11-20,1561.86,2025-09-14,19,948,43.23,Critical,High,10.78,1.08,-352,1,49.89,2.28,1.76
AST-1906,Lab_Equipment,Good,Active,7,2024-08-08,959.35,2027-03-01,4,510,4.22,Medium,Low,2.06,0.29,181,0,127.5,1.06,1.94
AST-1907,Workstation,Poor,Active,10,2016-05-13,3879.79,2026-07-01,12,2411,48.88,High,High,10.3,1.03,-62,1,200.92,4.07,1.17
AST-1908,Server,Good,Idle,10,2021-04-21,4438.26,2027-10-13,4,715,5.36,Medium,Low,5.36,0.54,407,0,178.75,1.34,0.75
AST-1909,Lab_Equipment,Fair,Under_Maintenance,5,2024-11-26,4864.91,2027-10-01,5,1164,14.47,High,Medium,1.76,0.35,395,0,232.8,2.89,2.84
AST-1910,Workstation,Fair,Active,5,2024-10-14,2470.78,2026-12-24,2,166,4.07,Medium,Low,1.88,0.38,114,0,83.0,2.04,1.06
AST-1911,Lab_Equipment,Good,Active,3,2025-11-06,2154.94,2028-01-02,1,45,1.14,Medium,Low,0.82,0.27,488,0,45.0,1.14,1.22
AST-1912,Laptop,Fair,Idle,3,2023-12-09,7449.61,2026-08-14,5,319,13.53,Low,High,2.73,0.91,-18,1,63.8,2.71,1.83
AST-1913,Lab_Equipment,Fair,Idle,5,2023-02-21,1439.27,2026-06-29,3,641,9.29,Medium,Medium,3.53,0.71,-64,1,213.67,3.1,0.85
AST-1914,Laptop,Good,Active,5,2024-07-26,6682.1,2027-09-14,4,660,18.12,Medium,Low,2.1,0.42,378,0,165.0,4.53,1.9
AST-1915,Workstation,Good,Active,5,2024-04-24,5172.8,2027-12-23,2,445,7.36,Low,Low,2.35,0.47,478,0,222.5,3.68,0.85
AST-1916,Workstation,Critical,Active,5,2021-08-31,6363.0,2026-04-16,9,982,42.19,Low,High,5.0,1.0,-138,1,109.11,4.69,1.8
AST-1917,Server,Critical,Active,5,2021-02-17,1388.3,2025-12-31,8,1177,13.92,Low,High,5.54,1.11,-244,1,147.12,1.74,1.44
AST-1918,Workstation,Good,Idle,7,2021-03-22,2942.41,2026-11-10,8,594,15.64,High,High,5.45,0.78,70,0,74.25,1.96,1.47
AST-1919,Workstation,Poor,Idle,5,2023-02-18,6780.72,2026-11-29,7,1058,33.14,Low,High,3.53,0.71,89,0,151.14,4.73,1.98
AST-1920,Network_Switch,Poor,Active,7,2017-11-24,7008.05,2025-10-24,14,3053,58.22,Low,High,8.77,1.25,-312,1,218.07,4.16,1.6
AST-1921,Lab_Equipment,Fair,Active,5,2026-06-12,1821.57,2026-12-19,0,0,0.0,Low,Low,0.22,0.04,109,0,0.0,0.0,0.0
AST-1922,Laptop,Good,Active,3,2026-02-13,950.16,2027-07-19,1,222,2.99,Medium,Low,0.55,0.18,321,0,222.0,2.99,1.82
AST-1923,Network_Switch,Fair,Under_Maintenance,3,2026-03-03,5029.01,2027-06-02,1,135,4.93,High,Low,0.5,0.17,274,0,135.0,4.93,2.0
AST-1924,Projector,Critical,Active,5,2021-08-12,2284.86,2026-05-17,8,266,10.06,Low,High,5.05,1.01,-107,1,33.25,1.26,1.58
AST-1925,Laptop,Critical,Active,7,2018-07-29,2138.16,2026-01-02,12,699,13.25,Low,High,8.09,1.16,-242,1,58.25,1.1,1.48
AST-1926,Lab_Equipment,Good,Under_Maintenance,3,2025-10-18,2798.76,2026-12-04,0,0,0.0,Medium,Low,0.87,0.29,94,0,0.0,0.0,0.0
AST-1927,Lab_Equipment,Poor,Idle,5,2021-02-20,3892.78,2025-10-02,14,2279,47.21,Low,High,5.53,1.11,-334,1,162.79,3.37,2.53
AST-1928,Laptop,Good,Active,5,2025-04-27,6084.43,2028-01-01,3,430,14.48,Medium,Low,1.35,0.27,487,0,143.33,4.83,2.22
AST-1929,Laptop,Critical,Active,10,2017-08-05,5506.12,2026-09-12,17,1593,70.24,Low,High,9.07,0.91,11,0,93.71,4.13,1.87
AST-1930,Lab_Equipment,Poor,Active,5,2021-05-01,1184.56,2025-09-30,6,1014,14.91,Medium,High,5.34,1.07,-336,1,169.0,2.48,1.12
AST-1931,Laptop,Fair,Active,5,2021-11-20,5302.92,2026-06-24,6,256,22.48,Medium,High,4.78,0.96,-69,1,42.67,3.75,1.26
AST-1932,Laptop,Fair,Active,7,2021-09-15,3731.64,2026-09-03,6,1133,25.98,High,Medium,4.96,0.71,2,0,188.83,4.33,1.21
AST-1933,Lab_Equipment,Fair,Active,7,2026-05-14,1161.37,2026-12-10,1,95,4.48,Low,Low,0.3,0.04,100,0,95.0,4.48,3.33
AST-1934,Laptop,Fair,Under_Maintenance,7,2026-03-26,5177.95,2027-10-25,0,0,0.0,Low,Low,0.44,0.06,419,0,0.0,0.0,0.0
AST-1935,Workstation,Poor,Active,5,2020-12-18,2864.88,2026-01-07,8,498,32.46,Medium,High,5.7,1.14,-237,1,62.25,4.06,1.4
AST-1936,Lab_Equipment,Critical,Active,5,2020-11-17,5843.55,2025-10-06,6,1280,15.33,Low,High,5.79,1.16,-330,1,213.33,2.56,1.04
AST-1937,Workstation,Poor,Active,3,2025-07-28,3868.48,2027-09-04,3,95,3.02,Low,Medium,1.1,0.37,368,0,31.67,1.01,2.73
AST-1938,Workstation,Poor,Under_Maintenance,7,2024-09-03,6752.47,2027-12-13,2,398,9.11,High,Medium,1.99,0.28,468,0,199.0,4.56,1.01
AST-1939,Laptop,Good,Idle,7,2025-08-19,685.74,2027-09-27,0,0,0.0,High,Low,1.03,0.15,391,0,0.0,0.0,0.0
AST-1940,Server,Good,Active,10,2022-09-07,7143.58,2027-01-05,8,1080,21.52,Low,Medium,3.98,0.4,126,0,135.0,2.69,2.01
AST-1941,Laptop,Fair,Active,3,2025-09-29,1728.1,2027-06-03,4,699,5.12,High,Medium,0.92,0.31,275,0,174.75,1.28,4.35
AST-1942,Network_Switch,Fair,Active,5,2021-08-22,489.76,2026-05-14,5,832,6.68,Low,High,5.03,1.01,-110,1,166.4,1.34,0.99
AST-1943,Laptop,Good,Active,5,2025-07-31,1715.09,2027-01-28,2,385,7.75,Low,Low,1.09,0.22,149,0,192.5,3.88,1.83
AST-1944,Workstation,Good,Active,7,2025-10-16,1453.21,2026-11-09,3,277,4.83,Low,Low,0.88,0.13,69,0,92.33,1.61,3.41
AST-1945,Workstation,Good,Idle,3,2025-08-10,2577.35,2027-12-28,2,136,3.15,High,Low,1.06,0.35,483,0,68.0,1.58,1.89
AST-1946,Projector,Good,Active,3,2025-12-11,3407.02,2027-01-20,1,103,1.38,Medium,Low,0.72,0.24,141,0,103.0,1.38,1.39
AST-1947,Projector,Critical,Active,5,2020-12-15,6386.71,2025-08-15,16,3623,53.51,Low,High,5.71,1.14,-382,1,226.44,3.34,2.8
AST-1948,Workstation,Poor,Active,7,2019-01-13,6183.01,2025-12-07,6,815,18.64,High,High,7.63,1.09,-268,1,135.83,3.11,0.79
AST-1949,Workstation,Good,Active,7,2026-01-15,670.89,2027-05-08,1,38,3.45,High,Low,0.63,0.09,249,0,38.0,3.45,1.59
AST-1950,Laptop,Poor,Active,5,2021-06-10,4734.59,2026-05-11,11,1592,14.88,Critical,High,5.23,1.05,-113,1,144.73,1.35,2.1
AST-1951,Server,Poor,Active,3,2023-04-20,6927.95,2026-03-25,6,684,27.46,Medium,High,3.37,1.12,-160,1,114.0,4.58,1.78
AST-1952,Lab_Equipment,Critical,Active,10,2015-02-17,1603.21,2026-02-08,16,864,63.38,High,High,11.54,1.15,-205,1,54.0,3.96,1.39
AST-1953,Projector,Good,Active,7,2024-05-01,684.83,2028-01-07,5,1055,12.81,Medium,Medium,2.34,0.33,493,0,211.0,2.56,2.14
AST-1954,Projector,Good,Active,10,2023-02-21,1911.24,2026-12-05,3,616,5.52,Low,Low,3.53,0.35,95,0,205.33,1.84,0.85
AST-1955,Server,Good,Active,7,2024-07-19,910.49,2027-09-10,5,700,5.66,Medium,Medium,2.12,0.3,374,0,140.0,1.13,2.36
AST-1956,Server,Critical,Active,5,2020-08-07,4877.32,2025-08-22,7,460,20.86,Medium,High,6.07,1.21,-375,1,65.71,2.98,1.15
AST-1957,Projector,Fair,Active,5,2021-07-13,7087.56,2025-09-12,8,1540,12.84,Medium,High,5.14,1.03,-354,1,192.5,1.6,1.56
AST-1958,Workstation,Good,Active,7,2023-08-02,2736.35,2027-07-21,6,339,24.26,High,Low,3.08,0.44,323,0,56.5,4.04,1.95
AST-1959,Laptop,Good,Active,5,2023-05-08,4186.62,2026-09-29,4,947,18.23,High,Low,3.32,0.66,28,0,236.75,4.56,1.2
AST-1960,Laptop,Poor,Active,3,2022-12-28,4179.69,2025-09-21,5,635,13.38,High,High,3.68,1.23,-345,1,127.0,2.68,1.36
AST-1961,Laptop,Fair,Idle,10,2024-03-09,4596.01,2026-12-09,8,665,10.85,Low,Medium,2.48,0.25,99,0,83.12,1.36,3.23
AST-1962,Network_Switch,Poor,Active,7,2019-07-20,4880.57,2026-01-24,13,2806,26.1,Medium,High,7.12,1.02,-220,1,215.85,2.01,1.83
AST-1963,Network_Switch,Critical,Active,5,2020-11-15,2859.44,2026-03-19,10,873,26.36,Medium,High,5.79,1.16,-166,1,87.3,2.64,1.73
AST-1964,Lab_Equipment,Critical,Active,5,2021-08-22,5781.36,2025-12-17,12,2840,52.4,High,High,5.03,1.01,-258,1,236.67,4.37,2.39
AST-1965,Laptop,Good,Active,5,2025-08-20,4223.18,2027-01-03,3,588,5.05,Low,Low,1.03,0.21,124,0,196.0,1.68,2.91
AST-1966,Workstation,Good,Active,7,2022-11-20,6594.9,2027-06-18,6,1225,10.58,High,Medium,3.78,0.54,290,0,204.17,1.76,1.59
AST-1967,Lab_Equipment,Good,Active,3,2025-05-17,1335.57,2027-04-17,1,143,3.29,High,Low,1.29,0.43,228,0,143.0,3.29,0.78
AST-1968,Lab_Equipment,Fair,Active,5,2023-07-09,2309.22,2026-06-14,6,612,20.72,Low,High,3.15,0.63,-79,1,102.0,3.45,1.9
AST-1969,Laptop,Poor,Under_Maintenance,5,2020-09-15,6452.83,2025-12-31,6,258,27.31,High,High,5.96,1.19,-244,1,43.0,4.55,1.01
AST-1970,Laptop,Good,Active,7,2021-03-15,6121.93,2026-08-19,9,1246,30.95,Medium,High,5.46,0.78,-13,1,138.44,3.44,1.65
AST-1971,Workstation,Critical,Active,5,2020-11-27,523.46,2026-03-06,11,1438,48.79,High,High,5.76,1.15,-179,1,130.73,4.44,1.91
AST-1972,Projector,Poor,Active,7,2021-04-29,3556.7,2026-10-20,9,1038,35.3,Critical,High,5.34,0.76,49,0,115.33,3.92,1.69
AST-1973,Server,Good,Under_Maintenance,10,2024-09-13,905.36,2027-07-03,4,320,13.44,Medium,Low,1.97,0.2,305,0,80.0,3.36,2.03
AST-1974,Laptop,Good,Active,5,2026-05-25,4106.88,2027-03-27,0,0,0.0,Medium,Low,0.27,0.05,207,0,0.0,0.0,0.0
AST-1975,Lab_Equipment,Critical,Active,5,2021-06-01,3609.26,2026-01-22,8,1213,33.54,High,High,5.25,1.05,-222,1,151.62,4.19,1.52
AST-1976,Laptop,Poor,Active,10,2018-11-20,3235.74,2026-10-31,8,1687,24.13,Medium,High,7.78,0.78,60,0,210.88,3.02,1.03
AST-1977,Lab_Equipment,Good,Active,7,2023-12-18,4485.87,2026-12-24,3,354,5.33,Medium,Low,2.7,0.39,114,0,118.0,1.78,1.11
AST-1978,Laptop,Critical,Active,7,2019-08-04,4709.9,2026-07-25,8,1023,21.43,High,High,7.08,1.01,-38,1,127.88,2.68,1.13
AST-1979,Laptop,Poor,Active,3,2022-12-21,6935.8,2025-11-22,3,190,3.09,Medium,High,3.7,1.23,-283,1,63.33,1.03,0.81
AST-1980,Workstation,Fair,Active,3,2026-03-21,1856.17,2027-09-10,1,44,2.03,Medium,Low,0.45,0.15,374,0,44.0,2.03,2.22
AST-1981,Network_Switch,Good,Active,5,2024-01-09,1240.1,2027-10-09,8,454,21.85,Low,Low,2.64,0.53,403,0,56.75,2.73,3.03
AST-1982,Lab_Equipment,Fair,Under_Maintenance,5,2024-05-13,908.72,2027-12-20,4,409,6.2,Critical,Low,2.3,0.46,475,0,102.25,1.55,1.74
AST-1983,Workstation,Good,Active,5,2023-08-23,2534.49,2026-09-13,10,1108,41.04,Medium,Medium,3.03,0.61,12,0,110.8,4.1,3.3
AST-1984,Laptop,Fair,Active,5,2022-09-08,7498.62,2026-08-31,4,742,8.15,Low,High,3.98,0.8,-1,1,185.5,2.04,1.01
AST-1985,Projector,Poor,Active,5,2021-09-08,3614.35,2026-10-23,8,1387,16.03,Medium,High,4.98,1.0,52,0,173.38,2.0,1.61
AST-1986,Network_Switch,Good,Active,5,2025-12-23,1717.62,2027-02-04,1,44,1.69,Critical,Low,0.69,0.14,156,0,44.0,1.69,1.45
AST-1987,Laptop,Fair,Active,7,2018-12-04,4031.79,2025-11-14,7,657,25.32,Medium,High,7.74,1.11,-291,1,93.86,3.62,0.9
AST-1988,Laptop,Poor,Under_Maintenance,5,2020-07-03,693.02,2025-08-28,9,1912,23.93,Medium,High,6.16,1.23,-369,1,212.44,2.66,1.46
AST-1989,Workstation,Good,Active,3,2024-02-10,5490.54,2026-09-15,4,867,11.55,Medium,Medium,2.56,0.85,14,0,216.75,2.89,1.56
AST-1990,Workstation,Good,Active,5,2025-01-03,3512.5,2026-11-07,1,175,1.12,Medium,Low,1.66,0.33,67,0,175.0,1.12,0.6
AST-1991,Workstation,Good,Under_Maintenance,10,2014-07-15,2001.07,2025-12-18,19,1936,24.84,Medium,High,12.13,1.21,-257,1,101.89,1.31,1.57
AST-1992,Lab_Equipment,Good,Under_Maintenance,5,2024-01-28,1246.02,2027-02-15,3,492,8.48,Medium,Low,2.59,0.52,167,0,164.0,2.83,1.16
AST-1993,Lab_Equipment,Good,Active,5,2024-08-01,4369.34,2027-08-21,1,147,4.46,High,Low,2.08,0.42,354,0,147.0,4.46,0.48
AST-1994,Workstation,Poor,Under_Maintenance,5,2022-10-24,1444.2,2026-10-18,1,203,3.68,High,Medium,3.85,0.77,47,0,203.0,3.68,0.26
AST-1995,Workstation,Fair,Active,5,2022-11-26,653.29,2026-09-03,8,1534,11.53,Low,High,3.76,0.75,2,0,191.75,1.44,2.13
AST-1996,Laptop,Poor,Active,5,2021-04-26,5445.74,2025-08-04,14,1400,38.73,Medium,High,5.35,1.07,-393,1,100.0,2.77,2.62
AST-1997,Laptop,Good,Active,5,2024-08-12,1528.65,2026-11-20,2,374,4.44,Critical,Low,2.05,0.41,80,0,187.0,2.22,0.98
AST-1998,Network_Switch,Good,Active,5,2024-09-02,4118.26,2026-12-04,2,342,5.39,Medium,Low,2.0,0.4,94,0,171.0,2.7,1.0
AST-1999,Workstation,Fair,Active,5,2020-04-21,921.46,2026-04-19,9,1995,16.28,Medium,High,6.36,1.27,-135,1,221.67,1.81,1.42
AST-2000,Lab_Equipment,Good,Active,5,2023-10-04,1763.03,2027-06-02,4,840,4.93,Medium,Low,2.91,0.58,274,0,210.0,1.23,1.37
